"Table 2b: Publicly available electric vehicle rapid charging or above devices by local authority per 100,000 population, from October 2019 [Note 1, 3, 5]",,,,,,,,,,,,,,,,,,,,,,,,,,,,,,,,,
This worksheet contains 1 table. Some cells refer to notes which can be found on the notes worksheet.,,,,,,,,,,,,,,,,,,,,,,,,,,,,,,,,,
Local authority / region code,Local authority / region name,"Oct-19
(25kW and above)","Jan-20
(25kW and above)","Apr-20
(25kW and above)","Jul-20
(25kW and above)","Oct-20
(25kW and above)","Jan-21
(25kW and above)","Apr-21
(25kW and above)","July-21
(25kW and above)","Oct-21
(25kW and above)","Jan-22
(25kW and above)","Apr-22
(25kW and above)","July-22
(25kW and above)","Oct-22
(25kW and above)","Jan-23
(25kW and above)","Apr-23
(25kW and above)","Jul-23
(25kW and above)
[Note 4]","Oct-23
(50kW and above)
[Note 4]","Jan-24
(50kW and above)","Apr-24
(50kW and above)","Jul-24
(50kW and above)","Oct-24
(50kW and above) [Note 14]","Jan-25
(50kW and above)",Apr-25 (50kW and above),Jul-25 (50kW and above),Oct-25 (50kW and above),Jan-26 (50kW and above)  [Note 16],Apr-26 (50kW and above),,,,,
K02000001,United Kingdom,3.8,4.3,4.7,4.8,5.3,5.8,6.4,6.8,7.3,7.7,8.2,8.9,9.5,10.3,11.4,12.6,13.3,15.1,17.3,18.5,20.2,21.4,22.9,24.7,25.7,25.9,27.7,,,,,
K03000001,Great Britain,3.8,4.4,4.8,4.9,5.4,5.9,6.5,6.9,7.5,7.9,8.4,9.1,9.8,10.5,11.7,12.9,13.6,15.4,17.6,18.8,20.6,21.7,23.2,25.1,26.1,26.3,28.2,,,,,
E92000001,England,3.6,4.1,4.5,4.6,5.2,5.7,6.3,6.6,7.2,7.5,8.0,8.8,9.4,10.0,11.1,12.3,13.1,14.9,16.9,18.1,19.9,21.1,22.3,24.0,25.1,25.6,27.4,,,,,
E12000001,North East,3.7,4.1,4.4,4.4,5.8,6.4,6.9,7.8,8.5,8.6,9.4,10.5,9.7,10.7,12.7,13.3,12.7,14.6,15.9,15.6,20.1,20.1,22.0,23.7,24.4,24.3,26.6,,,,,
E06000047,County Durham,2.5,2.5,2.7,2.6,2.8,3.6,4.0,4.5,4.9,5.4,6.8,7.1,7.9,10.0,10.5,11.5,12.9,13.4,14.8,15.3,18.0,18.4,23.5,24.0,25.4,26.2,28.8,,,,,
E06000005,Darlington,1.9,1.9,1.9,1.9,2.8,2.8,2.8,4.7,3.7,3.7,3.7,3.7,3.7,4.6,4.6,6.5,5.5,5.5,8.3,7.3,8.2,5.5,11.9,11.0,11.9,5.3,5.3,,,,,
E06000001,Hartlepool,0.0,0.0,1.1,1.1,1.1,1.1,1.1,2.1,3.2,3.2,3.2,3.2,2.1,4.3,6.5,5.4,5.4,8.6,8.6,8.5,8.5,8.5,8.5,14.9,14.9,13.2,14.3,,,,,
E06000002,Middlesbrough,2.8,4.3,4.3,4.3,4.3,5.0,5.0,5.0,5.0,5.0,7.8,7.8,7.8,7.7,10.4,10.4,11.1,12.5,16.0,15.5,16.2,16.2,16.2,16.9,18.2,16.6,16.6,,,,,
E06000057,Northumberland,7.5,8.1,8.1,8.1,11.8,13.3,14.6,17.9,22.5,21.9,21.9,25.9,20.1,21.5,22.4,24.3,20.2,20.2,20.2,13.3,37.6,39.5,41.0,44.1,42.2,41.0,42.2,,,,,
E06000003,Redcar and Cleveland,0.7,0.7,0.7,0.7,1.5,1.5,2.9,3.6,3.6,3.6,3.6,3.6,6.6,6.6,9.5,9.5,9.5,9.5,9.5,10.2,10.9,10.2,10.2,12.4,13.9,13.6,14.4,,,,,
E06000004,Stockton-on-Tees,4.6,4.6,5.1,5.1,6.1,6.1,6.1,6.1,6.1,6.1,6.6,7.1,7.1,9.6,12.7,12.7,12.7,17.3,18.8,18.0,20.0,21.5,21.0,24.0,24.5,19.8,19.8,,,,,
E11000007,Tyne and Wear (Metropolitan County),4.0,4.5,5.0,5.1,6.9,7.4,7.7,8.4,8.6,8.6,9.5,10.7,9.8,10.1,12.9,13.3,12.4,15.3,16.9,18.0,19.8,19.2,20.3,21.9,23.0,24.6,28.2,,,,,
E08000037,Gateshead,5.9,6.4,6.9,7.4,8.9,9.4,8.9,9.4,10.4,8.9,11.9,13.4,11.4,11.7,21.9,24.0,24.5,34.2,37.2,38.4,40.5,37.9,40.5,47.0,51.1,52.8,55.2,,,,,
E08000021,Newcastle upon Tyne,1.3,1.7,2.0,2.0,5.9,5.9,6.6,8.1,8.1,8.5,8.8,9.8,9.1,10.1,10.7,10.7,9.7,11.7,13.1,15.6,16.3,14.0,15.0,16.9,14.6,17.2,20.0,,,,,
E08000022,North Tyneside,1.0,1.9,3.4,3.4,6.3,7.2,7.2,6.7,7.2,8.6,8.6,11.5,9.6,9.1,9.1,9.6,8.6,11.5,12.4,12.4,13.8,10.5,10.9,10.5,13.3,16.3,19.5,,,,,
E08000023,South Tyneside,5.3,5.3,5.3,5.3,5.3,6.0,6.0,7.3,7.3,7.3,9.3,9.3,9.3,7.4,7.4,7.4,4.1,3.4,5.4,4.7,6.7,8.1,8.1,7.4,7.4,7.3,7.3,,,,,
E08000024,Sunderland,6.8,7.6,7.9,7.9,7.9,8.6,9.4,9.7,9.7,9.4,9.4,10.1,9.7,11.3,14.6,14.6,14.2,15.0,16.0,17.7,20.6,24.2,25.6,26.0,28.1,28.4,35.7,,,,,
E12000002,North West,3.1,3.5,3.9,4.0,4.3,4.4,4.7,5.0,5.3,5.6,5.9,6.7,7.5,8.3,9.0,9.9,10.8,13.2,15.7,17.2,18.9,20.1,21.6,24.3,26.0,26.4,27.5,,,,,
E06000008,Blackburn with Darwen,1.3,1.3,1.3,1.3,4.7,4.7,4.7,4.7,4.7,4.7,5.3,6.7,10.0,7.7,10.3,10.3,10.3,10.3,14.2,12.8,13.5,15.4,15.4,15.4,19.3,19.7,18.5,,,,,
E06000009,Blackpool,0.0,0.7,0.7,0.7,1.4,1.4,1.4,1.4,1.4,0.7,0.7,1.4,1.4,1.4,1.4,2.1,2.1,2.1,2.1,2.1,6.4,12.7,12.7,12.7,15.5,15.3,19.4,,,,,
E06000049,Cheshire East,5.8,6.0,6.0,6.2,6.5,6.8,7.0,7.8,8.5,8.5,9.1,8.5,9.3,10.0,12.2,12.5,12.7,13.5,15.7,14.5,14.0,20.7,21.4,25.6,27.3,27.1,25.6,,,,,
E06000050,Cheshire West and Chester,1.8,1.8,2.3,2.3,2.9,3.2,3.5,4.7,4.7,5.5,6.1,6.1,6.7,7.0,7.5,8.1,7.8,11.2,12.6,12.4,12.4,14.9,16.3,17.1,17.7,15.1,18.8,,,,,
E06000063,Cumberland (from April 2023),[x],[x],[x],[x],[x],[x],[x],[x],[x],[x],[x],[x],[x],[x],[x],8.0,12.4,17.5,28.9,29.4,42.5,36.3,38.5,39.9,38.9,37.8,38.1,,,,,
E06000006,Halton,0.0,0.0,0.8,1.5,1.5,1.5,1.5,3.9,3.9,3.9,3.9,3.9,3.9,3.1,4.7,5.4,5.4,6.2,6.2,7.0,6.2,5.4,5.4,6.2,6.2,4.6,4.6,,,,,
E06000007,Warrington,8.1,8.1,8.6,8.6,8.6,8.6,8.6,9.1,9.1,9.1,9.1,8.1,12.9,12.8,13.7,14.7,15.1,14.2,15.6,15.6,16.1,16.1,19.4,23.2,32.1,40.4,42.2,,,,,
E06000064,Westmorland and Furness (from April 2023),[x],[x],[x],[x],[x],[x],[x],[x],[x],[x],[x],[x],[x],[x],[x],28.2,28.6,30.4,34.8,34.3,33.8,36.0,36.9,43.9,45.3,50.8,51.3,,,,,
E10000006,Cumbria (abolished April 2023),9.0,10.8,11.6,11.8,12.2,12.2,12.4,12.4,12.4,12.4,12.8,14.4,14.8,14.8,15.6,[x],[x],[x],[x],[x],[x],[x],[x],[x],[x],[x],[x],,,,,
E07000026,Allerdale (abolished April 2023),6.2,6.2,6.2,6.1,6.1,6.1,6.1,6.1,6.1,6.1,6.1,6.1,8.2,8.3,8.3,[x],[x],[x],[x],[x],[x],[x],[x],[x],[x],[x],[x],,,,,
E07000027,Barrow-in-Furness (abolished April 2023),0.0,0.0,0.0,0.0,0.0,0.0,1.5,1.5,1.5,1.5,1.5,1.5,1.5,1.5,3.0,[x],[x],[x],[x],[x],[x],[x],[x],[x],[x],[x],[x],,,,,
E07000028,Carlisle (abolished April 2023),4.6,4.6,6.5,6.4,6.4,6.4,6.4,6.5,5.5,6.5,6.5,6.5,6.5,6.3,5.4,[x],[x],[x],[x],[x],[x],[x],[x],[x],[x],[x],[x],,,,,
E07000029,Copeland (abolished April 2023),1.5,1.5,2.9,2.9,2.9,2.9,2.9,2.9,2.9,2.9,2.9,2.9,2.9,3.0,3.0,[x],[x],[x],[x],[x],[x],[x],[x],[x],[x],[x],[x],,,,,
E07000030,Eden (abolished April 2023),32.1,34.0,35.9,37.6,41.3,41.3,41.3,40.9,42.8,40.9,40.9,40.9,40.9,40.0,40.0,[x],[x],[x],[x],[x],[x],[x],[x],[x],[x],[x],[x],,,,,
E07000031,South Lakeland (abolished April 2023),15.3,23.0,23.0,22.8,22.8,22.8,22.8,22.9,22.9,22.9,24.8,32.4,32.4,32.5,36.3,[x],[x],[x],[x],[x],[x],[x],[x],[x],[x],[x],[x],,,,,
E11000001,Greater Manchester (Metropolitan County),1.6,1.7,2.1,2.2,2.2,2.4,2.7,3.0,3.5,3.8,4.0,5.3,5.9,7.4,7.6,9.2,9.9,14.0,16.2,19.4,20.3,20.5,21.9,24.9,26.4,26.8,28.7,,,,,
E08000001,Bolton,0.7,1.1,1.1,1.0,1.0,1.0,1.0,2.1,2.1,2.1,2.8,2.8,2.8,3.4,2.7,3.7,7.1,7.4,11.1,9.4,12.4,10.7,19.4,20.7,23.8,18.7,21.6,,,,,
E08000002,Bury,0.0,0.0,0.0,0.0,0.0,0.0,0.0,0.0,1.6,1.6,1.6,2.6,4.2,5.7,5.2,4.6,5.7,13.4,15.5,17.5,14.4,15.4,14.9,14.9,18.5,16.1,18.1,,,,,
E08000003,Manchester,2.6,2.4,2.4,2.5,1.8,1.8,2.4,2.7,2.7,3.1,3.4,4.5,4.5,8.7,8.4,11.3,10.9,12.7,13.5,14.8,13.2,14.4,15.1,20.7,22.9,20.9,21.0,,,,,
E08000004,Oldham,0.0,0.4,1.3,1.3,1.7,1.7,1.7,2.5,2.5,2.9,3.8,4.2,4.2,5.0,6.6,9.9,10.3,12.4,23.5,25.0,25.0,28.3,28.3,28.3,27.1,26.2,26.2,,,,,
E08000005,Rochdale,3.2,2.7,3.6,3.6,3.6,3.6,3.6,2.2,4.5,4.5,4.5,4.5,4.5,4.9,4.5,7.1,10.7,13.8,13.4,18.1,20.3,27.3,31.7,25.6,29.5,38.2,39.1,,,,,
E08000006,Salford,3.5,3.5,4.3,4.2,3.9,5.0,5.0,4.9,4.9,4.9,4.9,6.9,8.0,7.8,8.5,8.9,9.6,8.9,11.8,12.6,10.1,11.5,11.1,10.8,9.7,11.6,11.9,,,,,
E08000007,Stockport,1.0,2.4,3.1,3.1,4.8,5.1,5.5,5.4,5.4,5.4,5.4,6.1,7.1,8.5,9.1,11.9,11.5,11.5,17.3,24.6,37.0,34.3,35.3,38.4,43.1,47.7,52.0,,,,,
E08000008,Tameside,1.8,1.8,1.8,2.2,1.8,2.2,2.6,4.0,4.0,4.0,4.0,4.4,7.0,7.4,7.8,7.8,7.8,8.2,8.2,11.2,9.9,10.7,11.6,14.2,13.3,20.0,26.7,,,,,
E08000009,Trafford,0.4,0.4,0.4,0.4,0.8,0.8,0.8,0.8,4.2,4.6,4.6,12.2,13.5,16.1,16.6,20.0,20.4,50.9,46.7,53.7,54.6,47.4,48.2,61.4,61.4,61.0,62.6,,,,,
E08000010,Wigan,1.2,1.2,1.8,2.1,2.4,2.7,3.3,3.9,3.9,4.5,4.5,5.1,4.8,5.5,6.4,5.8,5.5,7.9,9.1,16.8,15.9,15.0,14.4,19.8,20.1,18.6,20.3,,,,,
E10000017,Lancashire,5.9,6.6,7.4,7.7,7.8,8.0,8.8,9.0,8.8,9.3,9.7,10.7,11.7,12.5,12.9,13.4,15.7,17.5,20.3,22.3,26.8,28.9,31.2,32.6,34.4,33.4,34.1,,,,,
E07000117,Burnley,1.1,1.1,2.3,3.4,3.4,3.4,3.4,3.4,3.4,5.6,9.0,11.2,11.2,11.6,11.6,13.7,14.8,17.9,19.0,18.8,19.9,22.0,22.0,23.0,27.2,24.2,18.1,,,,,
E07000118,Chorley,17.1,17.1,17.1,16.9,16.9,16.9,16.9,17.7,17.7,18.5,19.3,21.0,21.0,21.2,21.2,28.8,39.9,43.2,50.0,50.6,59.9,72.5,69.1,73.3,74.2,60.4,59.6,,,,,
E07000119,Fylde,1.3,3.8,3.8,3.7,3.7,3.7,3.7,3.7,3.7,3.7,3.7,7.4,12.3,12.2,12.2,12.2,12.2,12.2,12.2,25.3,26.5,27.7,53.0,47.0,47.0,43.3,49.2,,,,,
E07000120,Hyndburn,3.7,3.7,6.2,6.2,7.4,7.4,7.4,8.6,4.9,6.2,6.2,6.2,3.7,10.9,10.9,10.9,10.9,10.9,10.9,10.8,12.0,12.0,12.0,6.0,21.6,20.9,13.9,,,,,
E07000121,Lancaster,4.2,4.2,8.3,8.2,8.2,8.9,8.9,8.8,8.8,10.1,10.8,12.2,13.5,14.1,14.8,12.7,15.5,16.2,18.3,18.0,27.0,30.5,29.1,28.4,29.8,31.7,31.0,,,,,
E07000122,Pendle,5.5,5.5,5.5,5.4,5.4,5.4,5.4,5.4,5.4,5.4,5.4,5.4,5.4,5.2,5.2,5.2,5.2,5.2,5.2,5.2,5.2,7.3,26.0,26.0,13.5,24.1,30.1,,,,,
E07000123,Preston,5.6,7.8,7.8,9.1,9.1,9.1,9.8,9.7,10.4,10.4,10.4,10.4,9.7,10.2,11.5,10.2,9.5,10.2,15.6,21.1,25.7,20.5,24.4,28.4,27.7,25.2,25.8,,,,,
E07000124,Ribble Valley,1.7,1.7,1.7,1.6,1.6,1.6,1.6,1.6,1.6,1.6,1.6,1.6,1.6,1.6,1.6,1.6,1.6,1.6,1.6,1.6,1.6,6.3,6.3,6.3,6.3,6.1,6.1,,,,,
E07000125,Rossendale,0.0,1.4,1.4,2.8,2.8,2.8,2.8,2.8,2.8,2.8,2.8,2.8,8.4,8.4,9.9,9.9,21.1,21.1,35.2,35.1,36.5,23.9,19.7,21.1,26.7,39.7,46.5,,,,,
E07000126,South Ribble,9.0,9.0,9.0,9.0,9.0,9.9,10.8,10.8,10.8,10.8,10.8,11.7,13.5,14.4,15.3,14.4,16.2,17.1,18.9,25.0,45.5,46.4,43.7,57.1,58.0,51.7,56.8,,,,,
E07000127,West Lancashire,7.9,8.8,8.8,8.7,8.7,8.7,15.7,15.7,15.7,15.7,15.7,17.5,17.5,17.9,17.9,19.6,19.6,19.6,21.3,20.9,19.3,19.3,17.6,17.6,21.8,22.1,22.1,,,,,
E07000128,Wyre,6.3,8.1,8.1,8.9,8.9,8.9,8.9,9.7,9.7,9.7,9.7,9.7,13.3,13.3,14.2,13.3,14.2,24.9,25.8,26.1,26.1,38.3,36.6,37.5,41.8,41.3,41.3,,,,,
E11000002,Merseyside (Metropolitan County),1.4,1.7,1.9,2.0,2.2,2.1,2.2,2.5,2.8,3.0,3.3,3.5,4.2,4.6,5.9,5.6,6.0,6.4,7.9,8.4,8.9,10.3,11.9,15.1,17.0,18.0,17.8,,,,,
E08000011,Knowsley,2.0,2.0,2.7,2.7,3.3,3.3,3.3,3.3,3.3,3.9,4.6,4.6,5.2,5.2,7.7,10.3,10.3,9.0,9.7,10.2,12.1,10.8,19.1,26.1,32.5,32.0,25.8,,,,,
E08000012,Liverpool,1.6,1.8,2.0,2.0,2.2,2.0,2.0,2.4,2.4,2.8,3.0,3.4,4.0,3.9,5.2,4.7,6.0,6.2,7.8,8.5,8.1,8.5,8.3,10.7,10.9,11.8,12.4,,,,,
E08000014,Sefton,1.1,1.8,1.8,1.8,1.8,1.8,2.5,2.9,3.6,3.6,4.3,4.3,5.1,6.4,7.5,7.9,7.9,7.5,8.9,8.9,10.3,14.2,17.8,16.4,20.6,21.3,21.0,,,,,
E08000013,St. Helens,1.7,2.2,2.8,3.3,3.3,3.3,3.3,3.3,2.8,2.8,2.8,1.7,3.9,5.5,8.2,6.0,6.0,6.0,10.9,12.5,12.5,13.0,13.5,26.0,27.6,23.3,24.4,,,,,
E08000015,Wirral,0.9,0.9,0.9,0.9,1.2,1.2,1.2,1.5,2.5,2.5,2.5,3.4,3.4,3.4,3.4,2.5,2.5,4.7,4.7,4.7,5.6,7.8,7.8,9.3,9.6,14.9,15.5,,,,,
E12000003,Yorkshire and the Humber,2.7,3.3,4.2,4.5,5.1,5.7,6.0,6.2,6.7,7.0,7.9,8.9,9.6,10.2,10.6,12.7,13.6,13.9,15.1,15.8,17.2,19.2,21.0,21.9,23.2,23.3,24.9,,,,,
E06000011,East Riding of Yorkshire,0.6,0.3,1.8,2.1,2.1,2.1,2.1,2.0,2.3,2.3,3.2,3.2,3.5,3.8,5.0,5.8,6.7,6.7,7.6,8.1,7.8,6.6,6.9,7.2,11.3,10.1,11.2,,,,,
E06000010,"Kingston upon Hull, City of",1.5,1.9,2.3,2.3,3.1,3.1,3.1,3.1,3.5,3.9,5.0,5.8,6.2,6.0,7.9,10.1,12.4,10.9,11.6,11.5,13.8,12.6,12.3,14.5,20.5,19.2,19.6,,,,,
E06000012,North East Lincolnshire,2.5,1.9,3.1,3.8,3.8,3.8,3.8,4.4,4.4,5.0,5.0,5.0,5.0,5.1,5.1,7.6,7.6,9.5,10.2,10.1,29.2,21.6,21.6,21.6,22.2,21.9,22.5,,,,,
E06000013,North Lincolnshire,1.2,1.2,1.7,1.7,1.2,1.7,1.7,1.7,1.7,1.7,2.3,7.5,7.5,8.2,9.4,10.0,9.4,11.2,11.8,13.5,12.9,12.3,14.7,14.7,14.7,14.6,15.8,,,,,
E06000065,North Yorkshire (from April 2023),[x],[x],[x],[x],[x],[x],[x],[x],[x],[x],[x],[x],[x],[x],[x],17.8,22.0,22.6,23.1,23.3,23.1,25.5,27.6,28.1,32.7,33.8,35.1,,,,,
E06000014,York [Note 13],6.2,6.2,6.2,6.2,6.2,6.6,6.2,6.2,6.2,6.2,6.6,12.8,13.3,14.4,14.4,20.8,21.3,22.3,17.4,17.6,17.1,16.6,24.4,24.0,24.4,27.2,33.9,,,,,
E10000023,North Yorkshire (abolished April 2023),4.1,4.6,5.2,5.5,6.8,7.0,7.1,6.6,7.3,7.3,9.0,9.3,11.9,13.1,13.3,[x],[x],[x],[x],[x],[x],[x],[x],[x],[x],[x],[x],,,,,
E07000163,Craven (abolished April 2023),1.8,1.8,1.8,3.5,7.0,7.0,7.0,7.0,7.0,7.0,7.0,10.5,10.5,10.5,10.5,[x],[x],[x],[x],[x],[x],[x],[x],[x],[x],[x],[x],,,,,
E07000164,Hambleton (abolished April 2023),2.2,2.2,4.4,5.5,10.9,10.9,10.9,10.9,10.9,10.9,10.9,10.9,10.9,14.3,15.4,[x],[x],[x],[x],[x],[x],[x],[x],[x],[x],[x],[x],,,,,
E07000165,Harrogate (abolished April 2023),5.6,7.5,8.1,8.1,8.7,8.7,8.7,6.8,7.4,7.4,12.4,12.4,21.0,21.3,21.3,[x],[x],[x],[x],[x],[x],[x],[x],[x],[x],[x],[x],,,,,
E07000166,Richmondshire (abolished April 2023),18.8,18.8,18.8,18.6,18.6,18.6,18.6,18.6,18.6,18.6,20.5,20.5,20.5,27.8,27.8,[x],[x],[x],[x],[x],[x],[x],[x],[x],[x],[x],[x],,,,,
E07000167,Ryedale (abolished April 2023),3.6,3.6,5.5,5.4,5.4,5.4,5.4,5.4,7.2,7.2,7.2,7.2,7.2,7.3,7.3,[x],[x],[x],[x],[x],[x],[x],[x],[x],[x],[x],[x],,,,,
E07000168,Scarborough (abolished April 2023),0.9,0.9,0.9,0.9,0.9,0.9,0.9,0.9,0.9,0.9,2.8,2.8,2.8,2.8,2.8,[x],[x],[x],[x],[x],[x],[x],[x],[x],[x],[x],[x],,,,,
E07000169,Selby (abolished April 2023),0.0,0.0,0.0,0.0,0.0,1.1,2.2,2.2,4.4,4.4,4.4,4.4,6.5,6.5,6.5,[x],[x],[x],[x],[x],[x],[x],[x],[x],[x],[x],[x],,,,,
E11000003,South Yorkshire (Metropolitan County),3.2,3.6,4.3,4.4,4.8,5.3,6.1,6.1,6.4,6.7,7.4,7.6,7.9,8.4,9.0,10.8,11.3,10.8,11.5,11.9,13.1,17.4,20.3,23.5,23.6,24.5,27.1,,,,,
E08000016,Barnsley,0.8,1.2,2.0,2.0,2.4,2.4,2.4,2.4,2.8,2.8,4.4,4.4,4.4,4.5,4.5,6.5,8.2,8.2,8.6,8.9,9.3,15.0,15.0,17.4,17.0,16.7,16.7,,,,,
E08000017,Doncaster,3.5,3.5,4.2,4.2,4.8,5.5,5.8,5.8,5.8,6.7,7.4,7.0,7.4,7.5,9.1,10.4,9.4,8.7,10.4,12.2,13.8,18.0,19.9,25.4,24.8,24.1,29.1,,,,,
E08000018,Rotherham,9.1,9.1,9.4,9.8,10.5,10.5,10.9,10.6,10.6,10.9,11.7,12.1,12.8,13.5,13.9,15.8,14.7,13.5,16.9,21.6,21.2,21.2,27.2,29.4,28.7,31.8,35.1,,,,,
E08000019,Sheffield,1.4,2.1,3.1,3.1,3.2,3.9,5.6,5.9,6.4,6.4,6.8,7.1,7.5,8.3,8.5,10.5,12.1,11.9,10.8,8.3,10.6,16.2,19.4,22.3,23.5,24.5,26.6,,,,,
E11000006,West Yorkshire (Metropolitan County),2.4,3.4,4.4,5.0,5.7,6.7,7.1,7.5,8.2,8.7,9.7,10.7,11.4,12.0,12.2,13.7,13.8,14.6,17.1,18.2,19.3,21.7,22.9,22.6,23.0,22.6,23.7,,,,,
E08000032,Bradford,1.9,3.9,4.7,5.2,6.1,6.9,7.0,7.7,7.9,8.1,8.7,8.9,10.0,10.1,10.6,11.0,12.1,12.4,13.7,14.8,16.5,19.2,20.4,21.4,21.2,21.6,24.0,,,,,
E08000033,Calderdale,3.3,4.3,6.2,6.1,6.1,8.5,8.0,8.0,13.7,13.7,14.7,16.6,16.6,16.4,16.4,16.4,16.4,18.4,23.2,24.1,23.6,32.7,34.2,29.4,29.9,27.0,27.0,,,,,
E08000034,Kirklees,1.4,1.4,2.1,2.0,3.4,3.9,4.1,4.5,4.8,5.4,5.9,6.3,7.7,7.4,7.4,8.3,8.1,9.9,12.2,13.0,14.4,16.0,16.0,16.7,15.8,13.8,13.8,,,,,
E08000035,Leeds,2.7,3.4,4.4,5.8,6.1,7.1,7.9,8.3,8.6,9.8,10.9,11.5,12.0,11.9,12.0,13.7,12.9,13.2,13.3,13.9,14.6,15.2,17.1,17.1,16.7,16.2,17.5,,,,,
E08000036,Wakefield,3.2,4.9,5.8,6.0,7.2,8.0,8.3,8.5,8.8,8.5,10.5,13.9,13.9,18.1,18.4,22.6,24.3,24.6,33.1,36.1,38.0,40.8,41.9,40.5,45.6,46.8,47.6,,,,,
E12000004,East Midlands,2.7,3.7,4.2,4.4,4.8,5.4,6.2,6.4,7.1,7.7,8.4,9.1,10.1,10.5,11.7,12.8,14.9,17.1,19.7,21.7,23.5,24.3,24.2,26.8,27.7,29.6,31.2,,,,,
E06000015,Derby,3.1,5.1,5.1,5.1,5.4,5.4,6.6,7.4,7.8,9.7,12.1,16.0,17.5,17.6,21.1,23.4,22.6,26.8,28.0,30.0,31.1,34.2,32.3,32.6,38.7,36.8,37.2,,,,,
E06000016,Leicester,0.6,0.6,0.6,0.8,0.8,0.8,0.8,0.3,0.3,0.3,0.6,0.8,0.6,0.3,0.8,0.8,1.4,1.4,12.0,14.7,19.0,15.0,15.3,17.1,19.3,18.3,18.5,,,,,
E06000061,North Northamptonshire (from April 2021),[x],[x],[x],[x],[x],[x],[x],4.6,5.1,5.4,5.4,5.4,6.0,6.4,8.9,10.3,11.7,13.3,16.6,17.6,19.0,19.5,20.1,23.4,24.2,28.9,30.5,,,,,
E06000018,Nottingham,7.2,8.5,8.5,8.4,9.6,13.8,14.7,14.2,14.2,14.2,15.7,19.9,20.8,22.2,22.2,21.6,22.8,23.2,25.0,25.3,26.5,27.4,29.5,34.1,35.0,35.9,38.1,,,,,
E06000017,Rutland,0.0,0.0,2.5,2.5,2.5,2.5,7.5,7.4,7.4,7.4,7.4,7.4,7.4,7.2,4.8,4.8,9.7,9.7,9.7,17.0,17.0,17.0,17.0,17.0,12.2,16.9,19.3,,,,,
E06000062,West Northamptonshire (from April 2021),[x],[x],[x],[x],[x],[x],[x],5.9,7.1,7.6,9.6,9.1,12.3,13.4,15.5,13.1,19.7,24.6,23.9,27.7,26.8,24.5,25.2,27.0,29.1,33.9,35.0,,,,,
E10000007,Derbyshire,1.5,2.9,3.9,4.2,4.6,4.7,6.4,6.7,6.9,7.3,7.4,7.4,7.6,7.7,8.5,9.2,11.2,12.5,12.9,14.8,19.9,21.2,21.4,23.4,24.5,25.0,27.7,,,,,
E07000032,Amber Valley,0.8,1.6,3.2,3.1,3.1,3.1,3.1,3.9,3.9,3.9,3.9,3.9,3.9,4.0,6.3,6.3,6.3,5.5,6.3,14.2,18.9,22.8,19.7,21.3,21.3,19.2,19.9,,,,,
E07000033,Bolsover,5.0,6.3,6.3,6.2,6.2,6.2,17.4,19.7,19.7,19.7,19.7,19.7,22.1,22.4,22.4,24.9,24.9,24.9,22.4,22.1,22.1,29.4,29.4,40.5,40.5,66.8,66.8,,,,,
E07000034,Chesterfield,1.0,4.8,4.8,6.7,4.8,4.8,6.7,6.7,6.7,8.6,9.5,9.5,9.5,9.6,11.6,12.5,12.5,25.1,23.1,24.0,56.7,42.3,50.9,49.9,49.0,45.3,63.2,,,,,
E07000035,Derbyshire Dales,0.0,0.0,2.8,1.4,1.4,1.4,1.4,1.4,1.4,2.8,2.8,2.8,1.4,1.4,1.4,5.6,16.7,16.7,16.7,16.7,16.7,18.1,18.1,23.7,23.7,23.7,26.5,,,,,
E07000036,Erewash,2.6,3.5,5.2,5.2,6.1,6.1,7.8,7.8,8.7,8.7,8.7,8.7,8.7,8.8,8.8,8.8,8.8,8.8,11.5,15.9,15.0,23.0,22.1,22.1,29.2,21.0,14.9,,,,,
E07000037,High Peak,0.0,1.1,2.2,4.3,8.6,9.7,9.7,10.8,10.8,10.8,10.8,10.8,10.8,11.0,11.0,11.0,17.6,16.5,18.7,18.7,20.9,19.8,20.9,20.9,23.1,22.8,25.0,,,,,
E07000038,North East Derbyshire,0.0,2.0,2.0,2.0,2.0,2.0,2.0,2.0,2.0,2.0,2.0,2.0,2.0,2.0,2.9,2.9,2.9,2.9,2.9,2.9,2.9,2.9,1.9,1.9,1.9,2.8,2.8,,,,,
E07000039,South Derbyshire,2.9,3.8,4.8,4.7,4.7,4.7,4.7,3.7,4.6,4.6,4.6,4.6,4.6,4.6,5.6,4.6,6.5,6.5,7.4,7.2,7.2,11.7,9.9,11.7,11.7,10.2,14.5,,,,,
E10000018,Leicestershire,1.4,1.6,2.1,2.3,2.4,2.4,3.0,4.6,5.3,6.3,6.5,6.3,6.6,7.9,7.6,8.6,11.2,12.8,15.9,17.3,20.2,19.8,20.8,24.1,23.1,27.6,28.7,,,,,
E07000129,Blaby,4.0,4.0,4.0,3.9,4.9,4.9,4.9,12.8,12.8,14.7,12.8,12.8,14.7,19.4,19.4,19.4,24.2,24.2,32.9,32.6,35.5,35.5,41.3,60.5,59.5,80.4,83.2,,,,,
E07000130,Charnwood,1.1,1.6,1.6,2.2,1.6,1.6,2.2,3.2,3.2,3.7,3.7,3.2,3.2,3.3,3.3,3.8,11.5,14.2,14.8,18.9,21.1,20.6,20.6,21.1,18.9,23.4,23.4,,,,,
E07000131,Harborough,2.2,2.2,3.2,3.2,3.2,3.2,3.2,3.1,6.3,6.3,6.3,6.3,6.3,6.1,6.1,11.2,10.2,10.2,13.2,12.9,25.9,19.9,19.9,19.9,18.9,21.0,24.8,,,,,
E07000132,Hinckley and Bosworth,0.0,0.0,0.9,0.9,0.9,0.9,0.9,0.9,2.6,2.6,4.4,4.4,4.4,9.7,6.2,4.4,5.3,7.0,11.4,14.9,14.9,15.7,15.7,14.9,14.0,14.6,13.7,,,,,
E07000133,Melton,0.0,0.0,3.9,3.9,3.9,3.9,3.9,3.9,3.9,3.9,3.9,3.9,3.9,1.9,1.9,3.9,3.9,3.9,3.9,3.8,3.8,3.8,3.8,7.6,7.6,7.4,7.4,,,,,
E07000134,North West Leicestershire,2.0,2.0,2.0,1.9,1.9,1.9,1.9,2.9,2.9,6.7,7.6,7.6,7.6,6.7,6.7,8.6,8.6,12.4,16.2,15.8,15.8,18.6,19.5,21.4,21.4,21.5,24.1,,,,,
E07000135,Oadby and Wigston,0.0,0.0,0.0,0.0,1.8,1.8,7.0,8.7,8.7,8.7,8.7,8.7,8.7,8.7,12.1,12.1,12.1,12.1,12.1,12.0,13.7,13.7,13.7,13.7,13.7,13.0,11.3,,,,,
E10000019,Lincolnshire,3.8,5.0,5.3,5.5,6.4,6.8,7.1,4.8,7.6,8.0,8.2,9.3,9.9,10.8,12.6,13.8,15.1,17.9,19.6,21.7,22.7,24.0,23.2,25.8,24.9,28.6,30.8,,,,,
E07000136,Boston,1.4,1.4,1.4,1.4,7.1,7.1,7.1,7.1,7.1,9.9,9.9,9.9,12.7,12.7,16.9,16.9,16.9,18.4,18.4,18.4,26.8,26.8,26.8,43.8,43.8,43.6,46.4,,,,,
E07000137,East Lindsey,2.8,3.6,3.6,3.5,4.2,4.2,4.2,4.2,4.2,4.2,4.2,4.9,4.9,4.9,5.6,6.3,7.0,7.7,9.1,9.0,7.6,8.3,6.9,11.1,12.5,15.8,21.4,,,,,
E07000138,Lincoln,2.0,3.0,5.0,6.0,6.0,9.1,9.1,10.0,11.0,13.0,13.0,14.0,13.0,12.7,15.6,14.7,12.7,18.6,24.4,34.1,36.1,39.0,38.0,37.1,35.1,33.3,33.3,,,,,
E07000139,North Kesteven,0.0,0.0,0.0,0.0,0.0,0.0,0.0,0.0,1.7,0.8,0.8,0.8,0.8,3.4,5.1,4.2,5.1,10.1,12.7,13.4,13.4,14.2,14.2,14.2,14.2,22.0,21.2,,,,,
E07000140,South Holland,0.0,0.0,0.0,0.0,0.0,0.0,0.0,0.0,0.0,0.0,0.0,1.0,4.2,4.2,8.4,8.4,8.4,10.5,10.5,10.3,10.3,10.3,11.3,11.3,11.3,11.1,11.1,,,,,
E07000141,South Kesteven,10.6,16.2,16.2,16.9,18.3,18.3,18.3,5.6,18.2,18.2,18.2,21.6,21.6,22.3,23.0,30.6,34.8,36.2,36.2,40.2,41.6,45.1,43.7,45.1,39.5,48.9,54.4,,,,,
E07000142,West Lindsey,7.4,6.3,6.3,6.3,6.3,6.3,8.4,8.3,8.3,8.3,10.4,10.4,11.4,14.6,14.6,13.6,17.8,22.0,24.1,23.8,23.8,23.8,21.7,22.7,23.8,27.2,27.2,,,,,
E10000021,Northamptonshire (abolished April 2021),3.1,3.9,4.0,4.0,4.2,4.4,4.9,[x],[x],[x],[x],[x],[x],[x],[x],[x],[x],[x],[x],[x],[x],[x],[x],[x],[x],[x],[x],,,,,
E07000150,Corby (abolished April 2021),5.6,5.6,5.6,5.5,5.5,5.5,5.5,[x],[x],[x],[x],[x],[x],[x],[x],[x],[x],[x],[x],[x],[x],[x],[x],[x],[x],[x],[x],,,,,
E07000151,Daventry (abolished April 2021),7.1,7.1,7.1,7.0,7.0,7.0,7.0,[x],[x],[x],[x],[x],[x],[x],[x],[x],[x],[x],[x],[x],[x],[x],[x],[x],[x],[x],[x],,,,,
E07000152,East Northamptonshire (abolished April 2021),0.0,0.0,0.0,0.0,0.0,0.0,0.0,[x],[x],[x],[x],[x],[x],[x],[x],[x],[x],[x],[x],[x],[x],[x],[x],[x],[x],[x],[x],,,,,
E07000153,Kettering (abolished April 2021),2.0,3.0,3.0,2.9,2.9,3.9,7.9,[x],[x],[x],[x],[x],[x],[x],[x],[x],[x],[x],[x],[x],[x],[x],[x],[x],[x],[x],[x],,,,,
E07000154,Northampton (abolished April 2021),0.0,0.4,0.9,0.9,0.9,0.9,0.9,[x],[x],[x],[x],[x],[x],[x],[x],[x],[x],[x],[x],[x],[x],[x],[x],[x],[x],[x],[x],,,,,
E07000155,South Northamptonshire (abolished April 2021),9.7,14.1,14.1,13.8,14.8,14.8,14.8,[x],[x],[x],[x],[x],[x],[x],[x],[x],[x],[x],[x],[x],[x],[x],[x],[x],[x],[x],[x],,,,,
E07000156,Wellingborough (abolished April 2021),2.5,2.5,2.5,2.5,3.8,3.8,3.8,[x],[x],[x],[x],[x],[x],[x],[x],[x],[x],[x],[x],[x],[x],[x],[x],[x],[x],[x],[x],,,,,
E10000024,Nottinghamshire,2.4,4.3,5.1,5.6,5.6,6.9,7.8,9.1,9.1,9.7,11.0,11.9,13.8,13.3,14.8,19.2,21.1,24.1,28.1,30.4,29.6,33.4,31.9,34.6,36.4,35.6,37.5,,,,,
E07000170,Ashfield,0.8,2.4,1.6,1.6,1.6,1.6,3.1,3.1,3.1,3.1,6.2,7.8,7.8,7.9,9.5,10.3,8.7,8.7,8.7,8.6,16.5,17.3,18.9,20.4,19.7,20.1,20.1,,,,,
E07000171,Bassetlaw,3.4,6.8,11.1,11.1,10.2,16.2,16.2,16.1,16.1,16.1,16.9,16.9,27.1,23.7,22.0,30.4,32.1,43.9,49.9,58.3,45.0,57.5,53.3,56.7,56.7,52.0,60.8,,,,,
E07000172,Broxtowe,5.3,5.3,6.2,6.1,6.1,6.1,6.1,7.0,7.0,7.0,8.7,8.7,8.7,9.9,9.9,9.9,10.8,19.0,19.9,24.1,24.1,30.3,31.2,36.6,40.1,38.4,37.5,,,,,
E07000173,Gedling,2.5,3.4,4.2,4.2,4.2,4.2,4.2,4.2,4.2,4.2,4.2,4.2,4.2,5.1,6.8,9.4,11.1,11.1,12.8,13.6,13.6,13.6,13.6,13.6,13.6,13.3,13.3,,,,,
E07000174,Mansfield,2.8,7.4,5.5,5.5,6.4,8.2,9.1,10.1,10.1,11.0,11.0,11.0,11.0,10.8,13.6,16.3,18.1,18.1,18.1,22.5,22.5,29.7,29.7,29.7,29.7,30.9,32.7,,,,,
E07000175,Newark and Sherwood,0.8,3.3,4.9,5.7,5.7,7.4,7.4,8.9,8.9,8.9,8.9,10.6,10.6,9.7,15.4,23.5,25.1,25.1,36.5,36.0,35.2,42.4,34.4,44.0,52.0,50.8,49.3,,,,,
E07000176,Rushcliffe,1.7,1.7,2.5,5.0,5.0,5.0,9.2,14.8,14.8,18.1,21.4,23.9,27.2,26.0,26.0,34.3,41.0,42.7,50.2,49.3,49.3,42.8,41.9,41.1,42.8,42.6,47.3,,,,,
E12000005,West Midlands,3.9,4.4,4.7,4.7,5.4,5.9,6.5,7.2,7.8,8.3,8.9,9.8,10.6,11.1,12.9,14.7,16.2,18.4,20.6,21.2,23.5,24.3,24.5,26.1,27.8,28.5,30.4,,,,,
E06000019,"Herefordshire, County of",2.6,3.1,3.6,3.6,4.7,5.2,5.2,6.7,7.2,7.7,7.7,7.7,6.7,6.9,11.2,11.2,10.7,12.3,11.7,11.7,12.2,9.5,9.0,9.5,11.1,11.5,12.0,,,,,
E06000051,Shropshire,4.4,5.3,5.3,5.9,5.9,6.5,6.5,6.5,7.1,7.1,7.7,8.0,8.3,8.3,8.0,11.1,10.8,11.7,12.6,12.8,14.1,15.6,15.9,19.9,20.8,24.1,24.4,,,,,
E06000021,Stoke-on-Trent,2.0,1.2,1.6,1.6,2.0,2.3,3.1,3.1,3.9,3.9,3.9,5.8,7.4,7.8,9.7,12.0,14.3,17.1,17.1,14.2,19.2,15.4,18.8,23.8,28.9,38.1,39.2,,,,,
E06000020,Telford and Wrekin,1.1,2.2,2.2,2.8,2.8,2.8,2.8,3.9,3.9,3.9,3.9,3.9,5.5,5.4,5.9,7.0,8.6,12.9,21.5,22.2,21.7,17.5,16.4,17.5,29.7,29.6,34.2,,,,,
E10000028,Staffordshire,4.8,5.1,5.8,5.9,8.9,9.2,9.4,9.6,11.0,11.9,12.7,14.0,15.5,16.3,18.5,21.4,22.2,26.5,28.0,27.5,33.3,34.4,36.3,36.7,38.0,40.3,41.7,,,,,
E07000192,Cannock Chase,5.0,7.0,7.0,6.9,6.9,7.9,8.9,8.9,8.9,8.9,10.8,10.8,15.8,16.9,21.9,22.9,25.8,25.8,26.8,25.7,34.6,40.5,52.4,56.4,55.4,54.8,62.4,,,,,
E07000193,East Staffordshire,3.4,3.4,4.2,4.2,4.2,5.0,5.0,6.6,6.6,12.4,13.2,14.1,14.9,17.7,17.7,23.3,28.1,28.1,29.7,29.4,37.4,38.2,38.2,34.2,39.0,36.2,38.6,,,,,
E07000194,Lichfield,1.0,1.0,1.9,1.9,2.9,2.9,2.9,2.8,1.9,1.9,3.8,4.7,4.7,4.7,7.5,7.5,11.2,11.2,13.1,12.9,12.0,19.4,17.5,17.5,17.5,17.9,17.9,,,,,
E07000195,Newcastle-under-Lyme,14.7,14.7,14.7,14.7,15.5,15.5,16.2,17.0,17.0,17.0,17.0,17.7,17.7,20.3,22.8,24.4,24.4,26.0,31.7,24.7,35.9,31.9,38.3,39.9,39.9,39.1,37.6,,,,,
E07000196,South Staffordshire,4.5,4.5,7.1,8.0,27.6,27.6,27.6,25.8,27.6,27.6,27.6,26.7,27.6,28.0,28.9,28.9,28.9,42.4,45.1,44.8,60.1,49.3,54.7,58.3,58.3,62.1,62.1,,,,,
E07000197,Stafford,5.2,5.2,5.2,5.1,5.1,5.8,5.8,5.8,13.8,14.5,16.0,23.2,27.6,27.7,29.9,37.2,32.8,48.1,46.6,50.5,52.6,54.1,49.8,48.3,53.4,65.0,67.1,,,,,
E07000198,Staffordshire Moorlands,0.0,1.0,1.0,1.0,2.0,2.0,2.0,2.0,2.0,2.0,2.0,2.0,2.0,2.1,3.1,5.2,5.2,5.2,5.2,5.2,4.2,4.2,4.2,4.2,4.2,8.3,8.3,,,,,
E07000199,Tamworth,1.3,1.3,2.6,2.6,3.9,3.9,3.9,5.2,5.2,5.2,5.2,5.2,5.2,3.8,7.6,12.7,12.7,12.7,12.7,13.8,13.8,26.4,25.1,25.1,25.1,25.9,25.9,,,,,
E10000031,Warwickshire,7.4,7.5,7.7,7.6,8.3,8.7,11.4,15.6,15.4,16.1,17.1,17.0,18.3,17.9,18.7,19.9,23.0,24.5,26.9,30.3,33.7,32.6,34.6,36.9,37.2,37.5,40.2,,,,,
E07000218,North Warwickshire,6.2,6.2,6.2,6.1,6.1,6.1,29.1,29.0,29.0,29.0,30.6,30.6,30.6,30.6,30.6,30.6,35.2,35.2,35.2,33.4,33.4,15.2,33.4,33.4,31.8,44.7,40.2,,,,,
E07000219,Nuneaton and Bedworth,3.9,3.9,3.9,3.8,3.8,4.6,4.6,4.6,4.6,5.4,5.4,6.1,6.9,6.7,7.4,9.7,9.7,10.4,10.4,9.6,13.3,18.5,17.7,18.5,19.2,18.4,19.8,,,,,
E07000220,Rugby,0.0,0.0,0.0,0.0,2.8,2.8,2.8,24.4,24.4,24.4,27.1,25.3,25.3,24.4,24.4,27.9,41.8,42.7,50.5,58.4,60.1,62.7,64.4,62.7,62.7,59.7,60.5,,,,,
E07000221,Stratford-on-Avon,21.9,21.9,21.9,21.5,22.3,23.1,23.8,23.4,23.4,22.7,23.4,23.4,29.5,28.7,29.4,25.0,27.2,32.4,36.0,44.7,47.6,44.0,42.6,52.7,49.8,51.3,52.6,,,,,
E07000222,Warwick,3.5,4.2,4.9,4.9,4.9,4.9,4.9,5.5,4.8,7.6,8.3,8.3,7.6,7.4,9.4,13.4,11.4,11.4,11.4,12.6,19.2,19.2,19.8,20.5,24.5,21.3,31.0,,,,,
E11000005,West Midlands (Metropolitan County),2.5,3.1,3.3,3.4,3.6,4.3,4.7,4.8,5.4,5.9,6.6,7.7,8.4,9.0,11.2,12.9,14.4,15.7,17.1,17.9,18.8,20.8,20.2,21.7,22.7,22.4,24.2,,,,,
E08000025,Birmingham,0.5,0.9,1.1,1.1,1.0,2.4,2.5,2.7,3.9,4.4,5.9,7.2,8.4,9.5,10.9,12.3,14.0,14.4,15.0,16.2,17.0,19.3,19.6,19.3,20.6,22.1,24.2,,,,,
E08000026,Coventry,8.2,9.3,10.4,10.5,11.3,11.6,12.4,11.9,11.9,12.9,13.2,13.2,13.4,14.9,17.8,20.7,21.0,21.0,22.4,22.2,21.1,26.2,25.3,25.3,25.9,23.8,23.6,,,,,
E08000027,Dudley,2.2,2.8,3.4,3.4,3.4,3.4,3.4,3.4,3.4,3.4,4.0,4.7,5.0,5.6,10.5,14.2,15.1,20.4,21.6,21.2,24.3,25.8,24.3,29.8,32.3,34.9,36.5,,,,,
E08000028,Sandwell,0.9,2.4,2.4,2.4,2.4,2.4,3.3,3.6,3.6,3.6,3.3,5.5,6.1,5.3,7.0,7.6,7.3,11.1,12.9,15.1,14.2,19.5,17.1,20.0,21.8,16.7,19.2,,,,,
E08000029,Solihull,3.7,3.7,3.7,3.7,3.7,4.6,4.6,5.1,6.0,7.8,7.8,11.5,11.5,12.0,15.7,17.5,26.3,26.3,29.5,29.9,37.7,40.0,39.5,42.3,40.4,38.4,38.4,,,,,
E08000030,Walsall,2.1,2.1,2.1,2.1,2.5,2.8,3.2,2.8,3.1,3.1,3.8,4.2,4.5,5.6,6.7,8.4,8.8,8.8,8.8,9.4,8.4,8.4,8.7,12.9,13.6,13.9,13.5,,,,,
E08000031,Wolverhampton,5.0,5.3,5.3,5.3,6.5,7.2,8.4,8.7,9.1,9.5,9.5,9.1,9.5,9.5,11.4,11.0,12.5,13.3,18.6,18.7,18.3,13.8,12.0,12.3,12.7,11.0,17.4,,,,,
E10000034,Worcestershire,7.8,8.6,8.6,8.6,8.9,8.9,9.1,10.2,11.4,11.4,11.4,11.9,12.4,12.7,13.7,15.0,16.7,21.5,28.1,28.6,32.7,33.2,32.3,33.8,36.4,34.4,38.1,,,,,
E07000234,Bromsgrove,21.3,22.3,22.3,22.0,22.0,22.0,22.0,29.8,29.8,29.8,29.8,31.8,33.8,34.2,35.2,35.2,37.2,53.3,76.4,75.9,95.9,95.9,95.9,96.9,101.9,99.3,101.3,,,,,
E07000235,Malvern Hills,5.1,5.1,5.1,5.1,5.1,5.1,5.1,5.0,5.0,5.0,5.0,5.0,5.0,5.0,5.0,5.0,5.0,5.0,8.8,9.9,9.9,8.6,8.6,8.6,8.6,8.4,7.2,,,,,
E07000236,Redditch,2.4,2.4,2.4,2.3,3.5,3.5,3.5,2.3,2.3,2.3,2.3,5.8,5.8,6.9,8.0,8.0,8.0,8.0,8.0,8.0,10.3,9.2,11.5,10.3,9.2,13.7,22.8,,,,,
E07000237,Worcester,5.9,5.9,5.9,5.9,6.9,6.9,6.9,7.0,13.0,13.0,13.0,12.0,13.0,12.5,13.5,17.4,19.3,25.1,29.9,31.7,35.5,37.5,28.8,31.7,39.4,33.7,40.3,,,,,
E07000238,Wychavon,7.9,11.0,11.0,10.8,10.8,10.8,10.8,9.9,10.7,9.9,9.9,8.4,8.4,8.3,8.3,11.3,11.3,16.5,18.8,19.3,19.3,23.0,23.8,28.2,32.0,27.5,34.8,,,,,
E07000239,Wyre Forest,3.0,3.0,3.0,3.0,3.0,3.0,3.9,4.9,4.9,5.9,5.9,6.9,6.9,8.8,11.8,11.8,17.7,17.7,23.6,23.5,22.5,20.5,21.5,21.5,20.5,19.2,16.4,,,,,
E12000006,East of England,2.7,3.0,3.3,3.4,4.2,4.8,5.4,5.9,6.0,6.4,7.0,8.3,8.6,8.9,9.7,11.6,11.9,14.9,17.0,18.7,22.3,23.5,24.4,27.0,28.8,29.5,32.1,,,,,
E06000055,Bedford,2.9,3.5,3.5,4.0,9.8,10.4,10.4,10.9,12.6,12.6,13.2,15.5,15.5,14.0,10.8,13.5,17.8,24.8,32.3,32.5,37.3,33.1,33.1,34.7,33.6,31.8,32.8,,,,,
E06000056,Central Bedfordshire,3.2,2.8,3.2,3.1,3.5,3.5,3.8,3.7,4.4,4.4,4.1,3.7,4.4,4.4,5.8,5.8,6.4,9.5,11.2,18.9,23.2,25.9,32.8,32.8,42.5,41.8,45.3,,,,,
E06000032,Luton,0.9,1.4,1.4,0.9,1.4,1.4,1.4,1.4,1.4,1.9,1.9,1.4,1.4,1.8,1.8,7.1,3.1,12.9,14.7,14.5,16.3,16.3,16.3,20.7,20.7,19.7,19.7,,,,,
E06000031,Peterborough,4.5,4.5,4.5,5.4,5.4,6.9,7.4,6.9,6.9,6.9,6.9,6.9,6.9,8.3,10.2,12.0,12.5,16.2,16.2,19.8,18.8,22.0,23.9,27.6,29.9,21.9,30.0,,,,,
E06000033,Southend-on-Sea,0.5,1.1,1.1,1.1,1.1,1.1,1.6,1.6,1.6,1.6,2.2,2.2,2.7,2.8,3.3,7.2,7.2,7.8,7.8,7.7,16.0,12.2,12.2,12.2,12.2,11.9,15.1,,,,,
E06000034,Thurrock,5.2,5.2,5.8,5.7,5.7,5.7,6.3,5.7,6.3,6.3,19.9,26.2,25.1,25.0,25.0,26.2,25.6,34.7,34.7,37.9,37.3,36.7,38.4,38.4,40.1,42.5,42.5,,,,,
E10000003,Cambridgeshire,2.5,2.5,2.8,3.7,4.9,4.9,5.5,7.6,7.9,8.2,7.9,8.2,8.2,8.4,9.0,12.9,12.8,14.3,17.0,20.6,24.2,24.5,23.2,29.9,34.1,33.2,39.8,,,,,
E07000008,Cambridge,4.8,4.8,6.4,6.4,6.4,6.4,6.4,17.6,19.2,19.2,19.2,20.0,20.0,17.3,20.0,24.2,26.9,30.4,33.9,32.7,34.0,32.7,29.9,28.6,31.3,30.8,31.5,,,,,
E07000009,East Cambridgeshire,2.2,2.2,2.2,2.2,2.2,2.2,2.2,2.2,2.2,2.2,3.3,3.3,3.3,3.4,3.4,3.4,3.4,4.5,6.8,10.1,6.7,10.1,10.1,6.7,7.8,7.5,11.8,,,,,
E07000010,Fenland,0.0,0.0,0.0,0.0,1.0,1.0,1.0,1.0,1.0,1.0,1.0,1.0,1.0,1.0,1.0,1.0,1.9,1.9,2.9,2.9,3.9,4.9,4.9,4.9,4.9,4.8,4.8,,,,,
E07000011,Huntingdonshire,1.7,1.7,1.7,4.5,5.6,5.6,7.9,7.8,7.8,8.4,8.4,8.9,8.9,8.8,8.8,17.1,17.1,17.6,22.6,35.3,35.9,29.9,26.6,41.3,52.7,48.3,65.6,,,,,
E07000012,South Cambridgeshire,3.2,3.2,3.2,3.8,6.9,6.9,6.9,6.8,6.8,7.5,5.6,5.6,5.6,7.4,7.4,11.0,7.4,9.2,10.4,10.3,24.8,31.4,32.0,46.5,48.3,49.8,55.1,,,,,
E10000012,Essex,2.3,2.5,3.0,2.9,4.2,5.9,6.4,7.3,7.3,7.8,8.1,8.5,9.3,9.5,10.0,11.4,12.1,15.0,15.7,15.9,21.1,22.0,21.9,25.1,25.6,27.0,28.5,,,,,
E07000066,Basildon,0.0,0.0,1.1,1.1,2.7,3.2,4.8,5.3,5.3,5.9,5.9,5.9,5.9,5.9,5.9,7.5,6.9,12.8,9.6,9.5,14.8,15.4,16.4,14.3,14.3,13.9,15.0,,,,,
E07000067,Braintree,2.6,3.3,3.3,3.3,3.3,15.1,15.1,22.9,22.9,22.9,22.9,22.9,22.2,23.1,22.5,23.1,27.6,27.6,28.3,14.0,40.0,40.6,29.8,29.8,29.8,29.2,30.4,,,,,
E07000068,Brentwood,1.3,1.3,1.3,1.3,1.3,1.3,2.6,2.6,2.6,2.6,2.6,2.6,2.6,2.6,2.6,11.7,11.7,11.7,19.5,27.2,23.3,23.3,24.6,25.9,25.9,25.2,29.0,,,,,
E07000069,Castle Point,1.1,1.1,1.1,1.1,2.2,2.2,3.3,3.3,3.3,3.3,3.3,3.3,3.3,3.3,3.3,3.3,3.3,3.3,3.3,3.3,3.3,7.8,14.5,15.6,15.6,14.4,14.4,,,,,
E07000070,Chelmsford,3.4,3.4,4.0,3.9,4.5,9.0,9.0,8.9,8.9,10.6,11.7,11.7,11.1,11.0,11.0,11.6,12.1,11.0,11.0,12.0,17.5,17.5,20.7,22.9,25.1,24.9,26.0,,,,,
E07000071,Colchester,2.6,3.6,4.2,4.1,10.3,9.8,9.8,9.6,9.6,10.6,12.2,12.7,14.7,15.1,15.1,15.6,15.6,22.3,23.4,24.7,24.2,23.7,22.1,24.2,26.8,24.0,24.0,,,,,
E07000072,Epping Forest,4.6,4.6,4.6,4.6,6.1,6.1,6.8,6.8,6.8,6.8,6.1,7.6,7.6,8.2,14.1,16.3,18.5,19.3,22.2,24.4,23.7,24.4,24.4,40.0,39.3,50.2,57.5,,,,,
E07000073,Harlow,0.0,0.0,0.0,0.0,0.0,0.0,0.0,0.0,0.0,0.0,0.0,0.0,0.0,0.0,0.0,0.0,0.0,6.4,6.4,7.4,7.4,7.4,7.4,7.4,7.4,7.1,7.1,,,,,
E07000074,Maldon,1.6,1.6,1.6,1.5,1.5,1.5,1.5,1.5,1.5,1.5,3.1,4.6,4.6,6.0,6.0,6.0,4.5,3.0,6.0,11.8,11.8,11.8,11.8,11.8,11.8,11.6,11.6,,,,,
E07000075,Rochford,0.0,0.0,2.3,2.3,2.3,2.3,4.6,4.6,4.6,6.8,6.8,9.1,11.4,11.6,12.8,12.8,12.8,20.9,20.9,17.2,17.2,16.1,17.2,18.3,18.4,24.5,25.6,,,,,
E07000076,Tendring,1.4,1.4,2.1,1.4,1.4,1.4,1.4,1.4,1.4,1.4,1.4,1.4,5.4,5.4,5.4,6.0,6.0,6.7,6.0,9.9,9.9,15.8,16.5,29.7,29.7,32.5,35.1,,,,,
E07000077,Uttlesford,9.0,9.0,9.0,8.8,8.8,8.8,8.8,8.6,8.6,8.6,8.6,8.6,9.7,9.8,8.7,13.1,15.2,23.9,26.1,31.3,56.2,57.2,58.3,59.4,58.3,65.2,65.2,,,,,
E10000015,Hertfordshire,2.9,3.1,3.5,3.6,4.2,4.5,4.6,5.0,4.9,4.9,5.3,6.5,6.7,7.0,7.7,9.9,10.6,12.7,16.0,15.8,20.4,24.4,27.0,30.2,32.5,32.9,35.8,,,,,
E07000095,Broxbourne,1.0,1.0,2.1,2.1,2.1,2.1,2.1,3.1,3.1,3.1,3.1,3.1,3.1,3.0,6.1,6.1,6.1,4.0,4.0,4.0,14.1,13.1,33.3,34.3,33.3,29.4,29.4,,,,,
E07000096,Dacorum,1.3,1.9,2.6,2.6,2.6,2.6,2.6,2.6,2.6,2.6,2.6,2.6,3.9,3.9,3.9,4.5,5.2,13.5,20.6,19.9,28.2,27.5,30.1,32.0,34.6,29.1,32.2,,,,,
E07000242,East Hertfordshire,0.0,0.0,0.0,0.0,0.0,0.0,0.0,0.0,0.0,0.0,0.0,1.3,1.3,1.3,1.3,9.3,9.3,9.3,9.3,9.9,10.6,11.2,11.2,11.9,10.6,9.6,9.6,,,,,
E07000098,Hertsmere,14.4,14.4,15.4,15.2,16.2,16.2,16.2,18.0,18.0,18.0,18.0,23.7,25.6,25.9,26.8,24.1,24.1,31.5,37.9,37.0,61.1,87.0,91.6,80.5,79.6,103.4,103.4,,,,,
E07000099,North Hertfordshire,2.3,3.0,3.0,3.0,6.0,6.0,6.0,7.5,7.5,6.7,7.5,11.2,11.2,11.2,13.5,20.2,16.5,15.7,16.5,15.7,15.7,16.4,16.4,16.4,32.1,31.3,33.5,,,,,
E07000240,St Albans,3.4,3.4,4.1,4.0,4.0,4.0,4.0,4.0,4.0,4.0,6.7,6.7,8.0,6.7,7.4,7.4,10.1,9.4,9.4,10.1,14.8,15.5,15.5,22.2,19.6,16.6,27.2,,,,,
E07000243,Stevenage,0.0,0.0,0.0,0.0,0.0,1.1,1.1,1.1,1.1,2.3,2.3,2.3,2.3,4.5,3.4,3.4,5.6,6.7,5.6,6.7,15.6,35.7,35.7,53.5,54.6,56.7,56.7,,,,,
E07000102,Three Rivers,1.1,1.1,2.1,2.1,4.3,4.3,4.3,5.3,5.3,4.3,4.3,4.3,3.2,5.3,6.4,6.4,6.4,5.3,5.3,5.3,5.3,5.3,9.6,10.6,13.8,14.6,14.6,,,,,
E07000103,Watford,4.1,4.1,4.1,5.2,5.2,7.2,8.3,7.2,7.2,7.2,7.2,7.2,4.1,3.9,3.9,6.8,6.8,7.8,20.5,19.4,12.6,21.4,17.5,36.9,38.8,37.3,42.9,,,,,
E07000241,Welwyn Hatfield,2.4,3.3,3.3,3.3,3.3,3.3,4.1,4.0,3.2,3.2,3.2,4.8,4.8,5.9,5.9,10.0,15.1,20.9,28.4,27.5,25.8,19.1,20.8,20.0,24.1,22.0,26.1,,,,,
E10000020,Norfolk,2.7,3.3,3.4,3.4,3.7,3.6,5.8,6.0,6.1,7.2,7.8,11.9,11.7,12.1,13.5,14.5,14.0,16.4,18.7,19.3,21.1,21.4,21.7,22.3,23.2,26.4,27.1,,,,,
E07000143,Breckland,5.0,5.7,5.7,5.7,6.4,5.7,11.4,12.0,12.0,16.3,17.0,17.0,17.0,18.3,19.7,20.4,19.7,21.1,21.1,20.2,21.6,21.6,23.7,23.7,23.0,23.9,26.6,,,,,
E07000144,Broadland,1.5,2.3,2.3,2.3,3.8,3.8,4.6,4.5,5.3,5.3,5.3,28.8,28.8,29.5,28.7,32.5,33.3,31.8,33.3,32.9,32.9,32.9,32.9,31.4,32.1,36.2,35.5,,,,,
E07000145,Great Yarmouth,2.0,2.0,2.0,2.0,2.0,2.0,2.0,2.0,2.0,2.0,2.0,2.0,2.0,2.0,3.0,3.0,6.0,7.0,11.0,16.0,33.0,28.0,27.0,28.0,28.0,29.8,30.8,,,,,
E07000146,King's Lynn and West Norfolk,2.6,3.3,3.3,3.3,3.3,3.3,9.9,9.9,9.9,9.9,9.9,7.9,8.6,8.4,9.7,10.3,11.0,18.1,26.5,25.7,25.0,24.4,25.7,26.3,31.5,38.4,37.1,,,,,
E07000147,North Norfolk,1.0,1.9,2.9,2.9,2.9,2.9,2.9,2.9,2.9,2.9,2.9,4.8,2.9,4.8,8.7,7.7,5.8,4.8,5.8,5.8,5.8,5.8,5.8,5.8,5.8,11.6,19.4,,,,,
E07000148,Norwich,4.3,4.3,4.3,4.3,4.3,4.3,4.3,4.9,4.9,4.9,5.6,9.8,11.3,9.8,10.5,11.9,10.5,17.5,18.2,21.4,20.8,23.5,23.5,27.0,25.6,25.1,21.7,,,,,
E07000149,South Norfolk,1.4,2.9,2.9,2.8,2.8,2.8,3.5,3.5,3.5,6.3,8.4,9.8,7.7,8.4,11.2,11.9,9.1,9.8,9.8,9.0,8.3,11.8,11.1,11.1,13.1,16.2,17.5,,,,,
E10000029,Suffolk,3.3,3.7,3.8,3.8,4.2,4.9,4.9,4.9,4.9,5.3,5.1,6.2,7.0,8.1,10.2,10.7,11.5,14.4,16.8,21.9,24.1,25.1,26.0,27.5,28.1,30.0,32.7,,,,,
E07000200,Babergh,3.3,4.4,4.4,4.3,4.3,4.3,4.3,4.3,4.3,4.3,4.3,4.3,11.9,11.9,19.4,16.2,23.7,22.6,23.7,35.0,35.0,30.8,30.8,30.8,30.8,29.9,29.9,,,,,
E07000244,East Suffolk,1.6,2.4,2.8,2.8,3.6,4.0,4.0,4.0,4.0,4.0,4.4,4.0,3.6,4.1,7.3,6.9,6.1,12.2,14.6,17.0,22.3,24.3,23.5,26.7,27.5,28.0,31.6,,,,,
E07000202,Ipswich,2.2,2.2,2.2,2.2,2.2,2.9,2.9,2.9,2.9,2.9,2.2,2.9,2.9,2.9,3.6,8.6,6.4,6.4,18.6,21.5,20.1,22.3,23.7,24.4,24.4,32.8,35.6,,,,,
E07000203,Mid Suffolk,1.0,1.0,1.0,1.0,1.0,3.9,3.9,3.8,3.8,3.8,3.8,3.8,3.8,3.9,3.9,3.9,5.8,5.8,7.7,7.6,7.6,7.6,8.5,16.1,18.9,25.3,28.9,,,,,
E07000245,West Suffolk,7.8,7.8,7.8,7.8,8.4,8.4,8.4,8.5,8.5,10.2,9.6,14.1,14.1,18.3,18.3,18.8,19.9,24.3,19.9,30.2,33.5,35.7,39.0,35.7,35.7,33.4,35.5,,,,,
E12000007,London,3.6,4.3,4.8,4.9,5.2,5.7,6.5,6.8,7.7,8.0,8.2,8.4,9.1,9.7,10.3,10.7,11.2,11.9,13.0,13.7,14.0,15.1,15.4,16.1,16.5,16.8,18.7,,,,,
E13000001,Inner London,3.7,4.7,5.2,5.3,5.6,6.2,7.0,7.1,8.5,8.8,8.9,8.9,9.0,10.3,10.4,10.7,10.9,11.0,11.6,11.7,11.9,12.1,12.9,12.6,12.9,13.5,14.8,,,,,
E09000007,Camden,1.5,1.9,1.9,1.9,2.2,3.3,5.2,3.9,3.9,3.9,3.9,3.9,5.0,6.7,6.2,5.7,5.7,5.2,5.7,5.5,5.5,5.5,5.5,5.0,5.0,14.3,14.3,,,,,
E09000001,City of London,11.5,11.5,11.5,10.3,10.3,10.3,10.3,9.1,9.1,9.1,9.1,36.6,36.6,81.2,81.2,81.2,11.6,81.2,81.2,64.5,64.5,64.5,64.5,64.5,64.5,46.3,46.3,,,,,
E09000012,Hackney,4.3,4.3,4.3,4.3,5.3,6.0,6.4,6.4,6.4,6.1,6.1,6.1,5.7,6.2,6.2,6.5,8.5,8.1,8.8,8.8,8.4,8.8,8.0,6.9,7.7,7.1,8.6,,,,,
E09000013,Hammersmith and Fulham,6.5,15.1,18.3,18.4,20.0,20.0,22.1,21.2,21.2,25.1,27.2,27.2,26.7,26.7,26.7,27.8,28.9,28.9,31.1,31.3,31.3,30.8,30.8,30.8,31.3,30.2,35.5,,,,,
E09000014,Haringey,2.6,4.1,4.1,4.5,4.1,5.6,5.6,5.6,7.1,8.6,8.6,8.6,8.6,9.8,10.2,11.0,11.0,11.0,12.9,13.0,13.0,13.4,14.1,13.0,13.4,14.4,15.2,,,,,
E09000019,Islington,5.9,7.5,8.4,8.2,8.7,8.7,9.5,9.3,10.1,9.7,9.3,8.9,9.3,11.5,12.5,12.0,12.0,13.4,14.8,13.2,12.7,15.0,15.4,14.1,12.3,13.9,15.7,,,,,
E09000020,Kensington and Chelsea,1.3,1.3,3.2,3.2,3.2,3.2,3.2,3.2,3.2,3.2,3.2,3.2,3.2,3.5,2.8,3.5,3.5,2.8,2.8,2.7,2.1,1.4,2.1,2.1,0.7,1.4,2.8,,,,,
E09000022,Lambeth,2.8,4.6,5.5,5.5,5.5,5.8,5.5,5.9,5.9,6.2,6.2,6.2,6.5,6.6,6.6,6.6,6.9,6.9,6.9,6.9,8.2,7.6,9.8,11.7,11.7,12.3,10.4,,,,,
E09000023,Lewisham,2.3,2.3,3.3,3.9,3.9,3.9,5.6,6.9,6.9,6.9,6.9,5.9,5.9,10.3,10.3,11.7,11.7,11.7,11.7,11.7,14.1,14.1,13.7,13.4,17.1,16.6,16.9,,,,,
E09000025,Newham,1.4,2.8,3.1,3.7,4.2,4.0,4.0,3.7,3.7,3.9,3.7,3.4,3.4,3.1,3.1,3.4,3.4,3.4,3.7,5.6,5.6,5.3,6.1,6.4,7.0,7.7,8.0,,,,,
E09000028,Southwark,4.1,3.8,4.1,4.1,4.4,4.7,7.5,7.2,7.5,7.5,7.5,8.1,8.1,8.5,8.5,8.2,8.8,7.8,7.8,7.7,8.7,8.0,9.0,9.6,9.6,10.5,14.9,,,,,
E09000030,Tower Hamlets,3.5,3.8,3.5,3.4,3.4,3.4,3.7,6.0,6.6,6.0,6.0,6.0,6.0,5.8,6.1,5.1,5.1,8.0,8.3,8.6,8.3,8.9,9.8,9.5,10.1,9.6,10.2,,,,,
E09000032,Wandsworth,4.6,4.0,4.0,3.9,3.9,3.9,4.2,3.9,7.6,7.6,7.6,7.6,8.5,9.4,9.7,10.4,11.0,11.0,11.0,11.2,11.2,12.2,14.6,11.5,12.2,11.3,14.2,,,,,
E09000033,Westminster,8.6,9.0,9.4,9.2,9.6,13.4,15.3,14.8,25.6,26.7,27.1,27.1,26.3,35.1,35.6,36.6,37.1,33.2,34.6,34.1,33.1,33.6,34.5,36.0,33.6,32.4,32.9,,,,,
E13000002,Outer London,3.6,4.1,4.6,4.6,4.9,5.5,6.1,6.6,7.1,7.5,7.7,8.1,9.2,9.3,10.2,10.7,11.4,12.4,13.9,15.0,15.2,17.0,17.0,18.4,18.8,18.9,21.1,,,,,
E09000002,Barking and Dagenham,0.5,0.5,0.9,0.9,0.9,2.3,4.2,4.2,4.2,4.2,4.2,4.2,5.1,5.0,6.9,6.9,6.9,5.9,5.9,8.6,8.6,8.6,9.1,8.6,8.6,13.7,14.6,,,,,
E09000003,Barnet,5.4,5.1,5.1,5.1,5.6,5.6,5.6,5.8,6.0,6.3,5.8,5.3,7.0,9.3,9.3,12.1,12.4,12.9,16.0,18.2,20.6,22.1,21.8,23.6,23.1,20.7,25.2,,,,,
E09000004,Bexley,2.8,3.2,3.2,3.2,3.2,4.8,5.2,5.2,6.8,8.8,8.8,8.8,8.4,8.5,8.5,8.1,11.8,11.4,13.8,13.7,13.7,15.7,21.8,24.6,20.6,19.5,25.0,,,,,
E09000005,Brent,4.2,4.2,4.8,4.9,4.9,4.9,5.8,5.8,6.4,6.4,5.8,5.5,5.5,5.6,5.9,5.9,5.9,5.0,5.3,4.7,4.7,5.9,5.9,8.5,7.6,8.5,9.9,,,,,
E09000006,Bromley,2.4,2.4,3.0,3.3,4.2,4.2,4.5,4.8,5.1,5.1,5.4,5.4,10.5,10.9,12.4,12.1,11.8,11.8,15.5,15.8,17.0,17.3,12.7,14.9,18.8,18.2,20.0,,,,,
E09000008,Croydon,4.7,4.9,5.2,5.2,5.9,6.2,5.9,5.7,5.9,6.9,6.2,8.5,11.6,11.5,12.8,11.8,12.3,14.9,14.9,17.1,17.6,18.1,15.6,16.3,16.6,21.3,24.9,,,,,
E09000009,Ealing,3.5,8.5,9.1,9.1,9.1,10.5,10.8,10.9,10.9,10.6,10.3,10.3,10.3,9.8,12.0,11.7,12.3,12.0,12.3,14.9,14.9,16.5,17.3,16.8,16.2,15.8,16.6,,,,,
E09000010,Enfield,2.1,3.6,4.2,4.2,4.2,4.5,4.8,6.0,6.3,6.3,7.2,7.5,7.5,7.6,8.2,7.6,12.1,12.4,13.0,15.3,15.6,15.6,15.3,21.4,22.6,22.9,22.6,,,,,
E09000011,Greenwich,5.2,5.2,9.8,9.7,10.4,10.8,11.1,11.1,16.6,17.3,18.0,20.1,19.7,19.4,19.7,20.1,20.1,19.4,19.7,20.3,20.3,22.7,22.0,22.0,24.7,24.4,26.4,,,,,
E09000015,Harrow,1.6,1.6,1.6,2.0,1.6,2.0,3.2,3.2,3.2,3.2,3.2,3.2,3.2,3.8,4.2,4.6,5.4,5.4,6.1,7.3,7.7,10.7,10.7,13.0,10.3,9.6,11.8,,,,,
E09000016,Havering,2.3,2.3,2.3,2.3,2.7,3.5,5.4,5.4,5.4,5.4,5.0,5.0,9.6,9.5,13.7,14.1,15.6,14.5,15.3,18.9,19.3,20.0,21.5,21.9,23.4,22.1,23.5,,,,,
E09000017,Hillingdon,8.5,9.5,9.5,9.5,9.1,9.1,10.4,13.9,13.9,13.9,13.6,13.3,13.3,13.5,15.4,21.3,22.0,23.3,25.9,25.1,24.5,26.7,26.4,27.0,27.4,26.1,31.0,,,,,
E09000018,Hounslow,5.9,5.9,6.3,6.3,7.0,7.4,7.4,8.5,8.8,8.8,9.6,12.5,13.2,12.5,12.5,13.2,13.2,24.7,33.3,33.4,32.7,34.1,34.4,33.4,34.4,34.1,37.4,,,,,
E09000021,Kingston upon Thames,1.1,1.1,1.1,1.1,2.3,4.5,4.5,4.5,4.5,4.5,8.9,8.9,8.9,9.5,9.5,11.3,10.7,12.5,11.3,11.3,12.5,25.5,26.1,26.7,26.7,28.4,31.8,,,,,
E09000024,Merton,2.9,2.9,2.9,2.9,3.4,4.8,6.3,8.2,8.2,8.2,8.2,8.2,8.2,7.9,8.4,8.4,7.9,7.9,7.9,7.9,7.9,10.2,9.8,10.7,12.1,11.4,11.9,,,,,
E09000026,Redbridge,4.6,4.9,5.3,5.2,5.2,5.9,5.9,7.9,7.9,9.2,9.2,8.8,10.5,10.3,9.7,9.7,10.0,10.0,10.0,10.3,10.0,11.6,12.2,11.9,12.5,12.8,13.4,,,,,
E09000027,Richmond upon Thames,2.5,2.5,2.5,2.5,3.0,3.5,3.5,4.0,4.0,4.0,4.0,4.0,4.5,4.6,5.6,5.6,6.7,9.7,9.7,10.3,9.2,11.3,12.8,13.3,12.3,15.8,15.8,,,,,
E09000029,Sutton,2.9,2.9,2.9,2.9,2.9,3.4,4.8,4.8,4.8,6.3,6.3,8.7,8.7,8.6,8.6,9.1,9.5,10.0,15.3,15.7,16.2,19.5,19.0,21.4,22.4,19.6,22.4,,,,,
E09000031,Waltham Forest,0.4,0.4,0.7,0.7,1.4,1.4,2.5,2.9,2.9,2.9,4.7,4.7,4.7,4.7,5.0,5.4,5.0,6.8,6.8,8.3,8.3,9.1,8.7,13.0,15.2,14.7,16.1,,,,,
E12000008,South East,5.1,5.3,5.6,5.8,6.2,6.9,7.7,7.7,8.2,8.6,9.1,9.5,10.3,10.5,12.2,13.5,13.7,15.2,17.2,17.8,19.5,21.4,23.1,24.4,24.8,25.0,26.7,,,,,
E06000036,Bracknell Forest,0.8,0.8,0.8,0.8,0.8,0.8,0.8,0.8,1.6,1.6,1.6,1.6,2.4,1.6,2.4,1.6,2.4,4.0,5.6,5.5,5.5,11.0,12.6,21.3,22.9,25.2,29.8,,,,,
E06000043,Brighton and Hove,0.3,0.3,0.3,0.3,1.0,0.7,1.4,3.4,4.5,4.5,5.8,5.8,6.2,5.8,6.2,5.8,6.2,5.4,6.9,7.2,22.3,14.4,7.6,7.9,7.9,7.8,7.4,,,,,
E06000046,Isle of Wight,1.4,2.1,2.1,2.1,1.4,1.4,1.4,2.1,2.1,2.1,2.1,3.5,4.2,4.3,7.7,7.8,9.2,9.2,9.2,9.2,9.9,11.4,11.4,12.1,14.9,14.8,15.5,,,,,
E06000035,Medway,1.8,1.8,2.2,2.2,2.2,1.8,2.5,2.5,2.1,1.8,2.5,2.5,2.5,2.9,5.7,3.9,3.2,2.9,21.8,20.9,21.9,21.9,21.9,24.1,23.4,22.6,23.9,,,,,
E06000042,Milton Keynes,32.8,32.8,33.1,33.0,34.5,42.3,43.0,43.3,45.5,44.8,47.7,40.0,40.7,40.9,2.9,52.4,50.0,50.0,57.9,58.5,65.7,77.7,80.8,84.2,81.1,69.3,73.9,,,,,
E06000044,Portsmouth,0.9,0.9,0.9,0.9,0.9,0.9,1.4,2.3,2.3,2.3,2.3,2.3,2.3,3.4,45.5,3.4,3.4,5.8,6.3,6.2,9.1,13.0,13.9,13.4,13.9,13.5,14.5,,,,,
E06000038,Reading,6.7,3.7,4.3,4.3,4.9,4.9,4.9,6.2,6.2,6.9,5.6,5.6,13.1,11.5,3.4,12.1,15.0,16.7,17.9,17.7,17.2,17.7,17.7,20.6,18.3,17.5,22.4,,,,,
E06000039,Slough,8.7,14.1,14.1,14.0,14.0,19.4,20.1,20.7,20.7,23.4,24.1,24.1,24.1,22.1,13.3,32.9,35.4,25.3,28.4,29.5,32.0,16.3,16.3,21.4,20.7,19.7,19.1,,,,,
E06000045,Southampton,1.2,1.2,1.6,1.6,2.0,2.0,2.4,2.0,4.0,4.0,4.0,4.7,4.7,4.9,22.1,4.4,4.4,4.0,5.7,7.1,7.9,8.7,8.7,8.3,9.9,9.3,9.3,,,,,
E06000037,West Berkshire,17.7,17.7,18.3,18.3,18.3,18.3,19.6,21.5,22.7,22.7,23.3,23.3,25.2,32.1,4.9,43.9,49.4,53.7,64.3,62.3,53.6,59.8,69.0,73.4,77.1,67.2,67.2,,,,,
E06000040,Windsor and Maidenhead,0.7,0.7,0.7,0.7,0.7,0.7,0.7,1.3,2.0,2.0,2.0,2.0,2.0,1.9,39.5,1.9,3.9,3.9,5.2,5.8,5.8,6.5,7.1,7.1,7.1,6.9,10.1,,,,,
E06000041,Wokingham,16.1,18.5,18.5,18.1,18.7,19.9,20.5,20.1,20.1,20.1,20.1,20.7,21.8,21.3,1.9,24.1,24.7,25.8,27.5,27.1,27.1,27.1,28.2,28.7,27.6,26.7,27.2,,,,,
E06000060,Buckinghamshire,3.0,3.1,4.1,4.0,4.6,5.0,6.1,6.0,6.0,6.4,6.6,6.6,7.7,7.4,23.0,9.2,7.9,8.5,9.4,11.8,12.3,12.3,13.0,14.1,14.1,16.9,19.4,,,,,
E10000011,East Sussex,2.9,3.1,3.1,3.2,3.4,3.2,3.4,3.8,3.8,4.8,4.8,4.5,4.7,6.2,6.8,7.5,8.2,9.0,9.1,11.8,11.6,11.8,12.0,12.5,14.2,15.7,17.7,,,,,
E07000061,Eastbourne,4.8,4.8,4.8,4.8,4.8,4.8,4.8,4.8,4.8,4.8,4.8,4.8,4.8,4.9,5.9,11.8,11.8,13.8,14.8,15.6,14.7,14.7,14.7,14.7,18.6,25.9,26.9,,,,,
E07000062,Hastings,4.3,4.3,4.3,4.3,5.4,4.3,4.3,4.3,4.3,4.3,4.3,4.3,4.3,13.2,14.3,15.4,15.4,14.3,13.2,13.2,13.2,13.2,13.2,13.2,13.2,13.2,13.2,,,,,
E07000063,Lewes,2.9,3.9,3.9,4.8,4.8,4.8,4.8,4.8,4.8,4.8,4.8,2.9,2.9,3.0,3.0,2.0,2.0,2.0,3.0,9.9,8.9,8.9,8.9,8.9,8.9,8.8,10.7,,,,,
E07000064,Rother,1.0,1.0,1.0,1.0,1.0,1.0,1.0,2.1,2.1,8.3,8.3,8.3,8.3,8.6,8.6,8.6,8.6,9.6,9.6,15.9,15.9,14.9,17.0,18.1,18.1,17.7,21.8,,,,,
E07000065,Wealden,1.9,1.9,1.9,1.9,1.9,1.9,2.5,3.1,3.1,3.1,3.1,3.1,3.7,3.7,4.4,3.1,5.6,6.8,6.8,7.4,8.0,9.2,8.6,9.8,12.9,13.8,16.2,,,,,
E10000014,Hampshire,6.8,6.7,7.3,7.5,7.7,7.9,8.2,7.8,8.8,9.1,9.3,10.8,11.4,11.4,12.2,12.4,12.7,14.1,15.9,16.6,20.0,23.4,27.7,30.1,29.8,30.7,31.6,,,,,
E07000084,Basingstoke and Deane,5.1,4.0,4.0,4.5,4.0,5.1,6.2,6.2,8.4,8.4,9.6,9.6,10.1,9.7,10.8,11.8,11.3,11.3,12.9,11.2,14.4,26.1,25.6,26.1,26.6,30.6,30.6,,,,,
E07000085,East Hampshire,12.4,12.4,12.4,13.1,13.1,13.1,13.1,12.9,12.9,12.9,12.9,12.9,12.9,12.7,11.9,13.5,13.5,13.5,14.3,16.5,14.9,16.5,17.3,20.4,20.4,20.8,25.4,,,,,
E07000086,Eastleigh,1.5,1.5,1.5,1.5,2.2,2.2,2.2,2.2,1.5,1.5,1.5,2.2,4.4,4.4,5.8,5.1,5.1,5.1,6.6,5.8,10.1,11.5,12.2,13.7,16.6,16.8,14.7,,,,,
E07000087,Fareham,5.2,5.2,5.2,5.2,5.2,5.2,5.2,5.2,6.0,6.0,6.0,7.7,7.7,7.8,8.7,7.8,7.8,7.8,9.6,13.1,14.0,13.1,16.6,16.6,16.6,16.5,19.1,,,,,
E07000088,Gosport,3.5,3.5,3.5,3.5,3.5,3.5,3.5,3.5,3.5,5.9,5.9,5.9,5.9,6.1,7.3,7.3,7.3,7.3,7.3,9.7,17.0,14.6,15.8,34.0,35.2,32.6,32.6,,,,,
E07000089,Hart,13.5,15.6,19.7,19.6,19.6,19.6,19.6,19.5,20.5,20.5,18.4,20.5,20.5,19.9,19.9,19.9,20.9,24.9,32.9,32.7,56.5,64.4,66.4,69.4,62.4,69.8,65.9,,,,,
E07000090,Havant,11.1,11.1,12.7,12.7,12.7,12.7,12.7,12.7,14.2,14.2,14.2,14.2,14.2,14.5,14.5,14.5,14.5,16.9,16.9,16.8,16.8,20.8,20.0,20.0,20.8,21.3,22.0,,,,,
E07000091,New Forest,1.7,1.7,1.7,1.7,2.8,2.8,2.8,2.2,2.2,2.8,3.9,3.9,3.9,4.5,6.2,7.4,10.8,12.5,11.3,10.8,14.2,19.3,27.3,30.1,25.6,28.4,29.5,,,,,
E07000092,Rushmoor,4.2,4.2,4.2,4.2,5.3,5.3,6.3,6.4,10.6,11.7,11.7,14.8,14.8,15.0,17.0,17.0,17.0,17.0,18.0,19.8,17.8,15.8,14.8,13.9,19.8,18.9,20.8,,,,,
E07000093,Test Valley,7.2,6.4,8.0,8.7,8.7,8.7,8.7,7.1,7.9,7.9,7.9,8.7,8.7,8.4,8.4,8.4,11.4,15.2,18.3,24.1,25.6,27.8,25.6,27.8,28.6,24.4,31.8,,,,,
E07000094,Winchester,12.1,12.1,12.1,12.8,12.8,12.8,13.6,11.9,13.5,13.5,14.3,23.8,27.8,27.4,27.4,27.4,22.7,25.8,30.5,28.4,29.2,30.7,65.3,66.0,63.7,63.4,60.5,,,,,
E10000016,Kent,4.1,4.3,4.4,4.5,5.1,6.3,7.0,6.8,7.4,7.9,8.9,9.3,10.0,10.2,12.8,13.9,13.5,15.0,15.8,16.1,17.3,20.6,25.4,26.6,26.7,27.3,29.3,,,,,
E07000105,Ashford,1.5,1.5,1.5,1.5,1.5,1.5,1.5,1.5,1.5,1.5,1.5,1.5,1.5,1.5,4.5,7.5,5.3,5.3,6.0,5.9,11.8,14.0,15.5,19.2,18.4,21.3,21.3,,,,,
E07000106,Canterbury,0.6,0.6,1.2,1.2,1.8,1.8,2.4,1.8,2.4,2.4,2.4,3.6,3.6,3.2,12.1,7.7,8.3,12.8,14.1,15.9,15.9,14.0,14.0,14.6,14.6,16.0,15.4,,,,,
E07000107,Dartford,8.2,10.0,10.0,9.8,9.8,21.3,26.6,22.8,22.8,24.6,35.1,35.1,35.1,34.3,34.3,34.3,36.0,34.3,36.0,35.3,37.0,36.2,51.3,52.2,53.9,61.6,63.2,,,,,
E07000108,Dover,1.7,1.7,1.7,1.7,1.7,1.7,1.7,4.2,4.2,3.4,5.1,5.1,11.8,11.1,19.7,21.4,22.3,23.2,23.2,23.0,28.9,29.8,43.4,42.6,42.6,41.7,45.9,,,,,
E07000112,Folkestone and Hythe,13.3,13.3,13.3,13.3,13.3,14.2,17.7,17.6,17.6,17.6,17.6,18.5,17.6,17.3,17.3,21.8,18.2,19.1,19.1,18.1,22.7,23.6,39.0,42.6,42.6,41.8,47.1,,,,,
E07000109,Gravesham,1.9,1.9,1.9,1.9,1.9,1.9,1.9,1.9,1.9,3.7,3.7,3.7,3.7,3.7,3.7,5.6,5.6,5.6,6.6,6.5,6.5,10.3,10.3,11.2,15.0,14.5,13.6,,,,,
E07000110,Maidstone,8.8,9.4,10.0,9.9,12.8,12.8,12.8,12.7,12.7,12.7,12.7,13.9,14.4,14.1,14.7,18.1,15.3,17.5,18.7,18.8,17.7,28.3,32.1,29.4,29.4,28.2,28.2,,,,,
E07000111,Sevenoaks,4.2,4.2,4.2,4.1,4.1,4.1,4.1,4.1,10.7,10.7,10.7,10.7,10.7,11.6,12.4,12.4,13.2,13.2,15.7,16.5,14.9,14.0,14.0,15.7,17.3,17.1,17.9,,,,,
E07000113,Swale,0.7,0.7,0.7,0.7,2.0,2.0,2.0,2.0,2.0,3.3,4.6,4.6,4.6,6.6,11.8,11.8,10.5,11.8,11.2,11.0,10.3,20.7,28.5,34.3,31.7,30.3,31.6,,,,,
E07000114,Thanet,2.8,2.8,2.8,2.8,3.5,4.9,4.9,4.9,4.9,4.9,4.9,4.9,6.4,6.4,6.4,7.1,7.1,12.1,11.4,15.6,15.6,17.1,17.1,17.8,14.9,15.4,20.3,,,,,
E07000115,Tonbridge and Malling,3.8,3.8,3.8,5.3,5.3,7.6,8.3,7.5,7.5,9.8,9.8,9.8,9.8,9.8,10.6,12.8,14.4,15.1,15.1,14.2,14.2,16.5,19.5,17.2,21.0,22.7,26.3,,,,,
E07000116,Tunbridge Wells,2.5,2.5,2.5,2.5,2.5,2.5,2.5,2.5,3.4,3.4,3.4,3.4,5.0,6.1,7.8,9.5,9.5,11.2,15.6,13.8,15.5,22.4,23.3,25.9,24.1,22.6,27.6,,,,,
E10000025,Oxfordshire,5.2,5.5,5.5,5.9,6.4,6.7,10.4,10.5,10.5,10.8,10.6,13.1,14.9,14.6,19.0,20.5,21.7,23.4,24.6,24.8,27.1,29.4,27.5,27.6,30.5,30.7,31.7,,,,,
E07000177,Cherwell,4.0,4.7,4.7,4.7,6.0,6.6,19.9,19.8,19.8,19.8,19.8,21.7,21.7,20.4,37.7,41.4,47.6,48.2,53.8,53.6,55.4,60.9,53.6,53.6,64.0,61.0,65.7,,,,,
E07000178,Oxford,1.3,2.6,2.6,2.6,3.3,3.3,3.3,3.3,3.3,4.6,4.6,13.9,21.1,20.0,21.2,21.9,21.9,23.7,24.4,25.7,25.1,25.7,22.7,20.8,23.9,23.5,25.9,,,,,
E07000179,South Oxfordshire,14.2,14.2,14.2,14.1,14.1,14.8,14.8,14.6,14.6,14.6,14.6,14.6,14.6,14.7,14.7,17.3,16.7,17.3,17.3,17.1,19.1,19.1,19.8,20.4,20.4,19.8,20.5,,,,,
E07000180,Vale of White Horse,3.0,1.5,1.5,3.7,3.7,3.7,8.1,8.0,8.0,8.0,8.7,8.7,10.2,10.8,10.8,12.2,12.2,12.9,12.2,12.0,16.2,19.7,20.4,21.8,21.1,26.8,24.1,,,,,
E07000181,West Oxfordshire,3.6,4.6,4.6,4.5,4.5,4.5,4.5,5.4,5.4,5.4,3.6,3.6,3.6,3.5,5.2,3.5,3.5,8.7,8.7,8.6,13.7,15.4,16.2,17.1,17.1,16.5,15.7,,,,,
E10000030,Surrey,3.4,3.7,4.1,4.4,5.3,5.5,5.7,5.6,5.9,6.1,6.6,7.9,8.3,8.2,9.9,12.3,12.0,13.8,13.9,14.6,14.4,17.6,17.6,18.6,18.3,19.2,21.0,,,,,
E07000207,Elmbridge,10.2,10.2,10.2,11.7,15.4,15.4,16.1,16.0,16.0,16.0,16.0,16.0,16.8,16.5,16.5,17.9,17.9,28.0,25.8,26.4,30.7,40.7,40.7,43.6,43.6,43.0,44.4,,,,,
E07000208,Epsom and Ewell,0.0,0.0,0.0,0.0,1.2,1.2,1.2,1.2,2.5,2.5,2.5,2.5,2.5,2.5,6.2,7.4,8.6,8.6,9.9,8.6,8.6,9.9,11.1,8.6,8.6,8.4,9.6,,,,,
E07000209,Guildford,1.4,1.4,1.4,1.3,2.0,2.7,2.7,2.7,2.7,3.3,5.3,12.0,12.0,12.5,20.8,22.2,20.8,20.1,20.1,22.0,15.1,26.1,21.3,24.7,24.7,23.1,27.1,,,,,
E07000210,Mole Valley,1.1,2.3,2.3,2.3,2.3,4.6,4.6,4.6,4.6,4.6,4.6,4.6,4.6,4.6,5.7,14.8,16.0,16.0,14.8,22.8,22.8,27.3,28.5,29.6,26.2,27.1,28.2,,,,,
E07000211,Reigate and Banstead,2.7,2.7,2.7,2.7,2.7,2.7,2.7,2.7,2.7,2.7,2.7,4.0,5.4,5.3,6.6,8.6,7.3,7.3,5.9,6.5,7.8,7.8,7.8,8.5,8.5,9.4,8.8,,,,,
E07000212,Runnymede,4.5,4.5,4.5,4.5,4.5,4.5,4.5,4.4,4.4,4.4,4.4,4.4,5.5,5.7,8.0,16.0,17.1,19.4,18.2,18.1,15.8,16.9,16.9,16.9,15.8,16.3,23.9,,,,,
E07000213,Spelthorne,3.0,3.0,6.0,7.0,7.0,7.0,7.0,6.0,6.0,6.0,8.0,9.0,9.0,8.7,8.7,9.7,7.8,10.7,10.7,10.6,11.6,11.6,13.5,14.5,13.5,13.1,15.9,,,,,
E07000214,Surrey Heath,4.5,5.6,7.9,9.0,9.0,9.0,9.0,10.1,10.1,10.1,10.1,11.2,11.2,11.0,8.8,11.0,11.0,11.0,14.3,15.3,15.3,16.4,17.5,18.6,20.8,20.1,24.3,,,,,
E07000215,Tandridge,6.9,6.9,6.9,6.8,9.1,9.1,9.1,6.8,9.0,10.2,10.2,10.2,10.2,10.2,11.3,12.5,12.5,14.7,19.3,14.7,14.7,15.8,15.8,16.9,15.8,15.5,15.5,,,,,
E07000216,Waverley,2.4,3.2,3.2,3.2,3.2,3.2,4.0,4.7,5.5,5.5,6.3,7.9,7.9,7.8,7.8,9.3,9.3,10.1,10.1,11.5,11.5,12.3,12.3,12.3,12.3,11.2,10.4,,,,,
E07000217,Woking,0.0,0.0,0.0,0.0,1.0,1.0,1.0,1.0,1.0,1.0,1.0,1.0,1.0,1.0,1.9,1.9,1.9,1.9,1.9,1.9,2.9,2.9,4.8,4.8,4.8,19.9,19.9,,,,,
E10000032,West Sussex,2.4,2.7,2.8,3.2,3.7,4.5,5.0,4.7,5.2,6.1,6.3,6.8,6.8,6.7,7.9,8.1,8.6,14.6,16.4,16.7,17.5,18.6,19.9,20.6,21.6,23.9,25.9,,,,,
E07000223,Adur,0.0,1.6,3.1,4.7,4.7,4.7,4.7,4.7,4.7,4.7,4.7,4.7,6.2,6.2,7.7,6.2,6.2,13.9,13.9,13.9,13.9,24.7,23.2,23.2,27.8,33.9,30.8,,,,,
E07000224,Arun,0.6,0.6,0.6,0.6,1.2,1.2,2.5,2.5,2.5,2.5,3.1,4.3,4.3,4.2,4.8,4.8,6.7,6.7,8.5,10.2,10.8,11.4,9.6,10.2,13.8,15.9,15.9,,,,,
E07000225,Chichester,3.3,3.3,2.5,5.0,5.8,7.4,7.4,6.6,9.1,9.1,9.9,9.9,9.9,9.6,9.6,10.4,9.6,11.2,10.4,10.3,10.3,10.3,15.1,15.1,15.9,14.7,17.8,,,,,
E07000226,Crawley,4.4,4.4,5.3,5.3,5.3,9.8,12.5,12.4,12.4,18.7,18.7,18.7,17.8,16.0,16.0,16.0,16.0,33.7,37.1,36.8,43.5,44.3,46.0,49.4,48.5,46.0,52.4,,,,,
E07000227,Horsham,2.1,2.8,2.8,2.8,4.2,4.2,3.5,2.7,3.4,2.7,2.7,4.1,4.1,4.7,6.1,4.7,6.1,8.1,9.5,9.4,8.7,8.7,10.8,10.8,10.8,21.1,23.8,,,,,
E07000228,Mid Sussex,3.3,3.3,3.3,3.3,3.3,3.3,3.3,3.3,3.3,3.3,3.3,3.3,3.3,3.3,7.2,7.8,7.8,21.6,26.2,26.5,25.8,26.5,27.1,27.8,27.8,28.4,30.9,,,,,
E07000229,Worthing,2.7,2.7,2.7,2.7,2.7,2.7,2.7,2.7,2.7,4.5,4.5,4.5,4.5,4.5,5.4,8.1,8.1,9.0,9.9,9.8,9.8,9.8,13.4,13.4,13.4,14.1,14.1,,,,,
E12000009,South West,3.9,4.4,4.9,4.9,5.4,6.1,6.4,6.6,7.5,7.9,8.3,9.0,9.8,10.6,11.8,13.2,14.2,17.0,20.2,22.5,23.9,25.1,27.2,29.0,30.6,31.3,32.6,,,,,
E06000022,Bath and North East Somerset,0.5,0.5,1.6,1.6,1.6,1.6,1.6,1.5,1.5,1.5,1.5,3.1,3.1,4.2,5.7,10.4,9.9,9.9,10.9,10.7,9.2,9.2,9.2,10.2,11.8,11.0,13.0,,,,,
E06000058,"Bournemouth, Christchurch and Poole",3.5,4.5,4.8,4.8,5.3,5.8,5.6,5.8,6.0,6.8,8.1,9.6,10.3,12.0,11.0,11.7,15.7,17.7,16.7,19.2,21.1,21.9,25.9,24.1,24.1,26.2,28.9,,,,,
E06000023,"Bristol, City of",3.0,3.5,4.1,4.3,4.1,3.9,4.1,4.9,5.6,6.9,6.9,6.7,7.3,7.9,8.5,8.9,8.7,9.3,10.8,11.3,12.1,15.4,14.6,16.5,17.5,17.4,18.2,,,,,
E06000052,Cornwall,4.8,4.9,4.8,4.7,4.9,5.8,6.0,5.9,7.7,7.8,8.4,8.7,9.2,9.8,11.9,12.8,14.3,21.0,26.6,27.6,28.2,28.3,27.6,27.8,28.5,29.1,30.2,,,,,
E06000059,Dorset,2.1,2.9,3.2,3.2,3.7,4.0,4.5,5.0,5.5,6.1,7.1,6.8,7.6,8.9,10.0,11.0,14.7,15.2,18.9,20.4,22.2,23.0,24.5,27.7,32.4,34.6,35.1,,,,,
E06000053,Isles of Scilly,0.0,0.0,0.0,0.0,0.0,0.0,0.0,0.0,0.0,0.0,0.0,0.0,0.0,0.0,0.0,0.0,0.0,0.0,0.0,0.0,0.0,0.0,0.0,0.0,0.0,0.0,[x],,,,,
E06000024,North Somerset,7.9,8.9,9.3,10.7,12.1,12.1,12.1,13.0,13.0,13.5,13.9,14.4,14.8,15.2,14.7,15.2,15.6,17.5,20.2,20.1,20.5,19.6,21.4,22.4,21.9,21.4,22.7,,,,,
E06000026,Plymouth,1.5,2.7,2.7,2.7,3.1,3.1,3.1,3.4,3.4,3.4,3.0,3.0,3.0,3.0,4.2,4.2,3.8,11.0,12.5,13.9,25.9,32.2,36.3,39.0,41.2,47.8,48.9,,,,,
E06000066,Somerset (from April 2023),[x],[x],[x],[x],[x],[x],[x],[x],[x],[x],[x],[x],[x],[x],[x],10.8,12.0,13.4,16.8,16.3,19.4,19.4,20.8,22.0,23.9,25.0,26.2,,,,,
E06000025,South Gloucestershire,5.0,6.4,8.5,8.1,8.4,9.8,10.2,14.2,18.4,19.1,21.5,21.9,25.4,25.8,27.5,29.9,31.0,33.4,51.6,50.9,51.9,45.1,52.2,48.5,48.5,51.6,54.8,,,,,
E06000030,Swindon,2.3,3.2,4.5,4.5,5.0,5.0,5.9,5.4,5.4,7.2,9.0,9.4,10.3,9.8,10.3,12.8,15.4,17.1,17.1,18.7,19.1,20.8,22.1,30.6,33.5,32.0,29.9,,,,,
E06000027,Torbay,1.5,1.5,2.2,2.2,3.7,3.7,3.7,3.7,3.7,3.7,3.7,5.1,5.1,5.0,5.0,5.7,7.9,8.6,10.0,10.0,10.0,15.8,17.2,17.9,17.9,23.6,25.0,,,,,
E06000054,Wiltshire,3.0,3.2,3.2,3.2,3.4,7.4,7.8,7.7,8.7,8.9,9.5,10.1,9.7,12.7,14.4,15.2,17.5,18.7,21.6,24.4,26.9,27.9,31.2,35.7,35.5,33.0,33.8,,,,,
E10000008,Devon,5.0,5.5,6.0,6.0,7.2,7.7,8.1,7.8,8.6,8.5,8.6,10.7,12.0,12.6,15.7,18.4,16.9,23.9,28.6,31.2,30.3,32.6,33.9,37.0,39.2,40.1,41.6,,,,,
E07000040,East Devon,5.5,5.5,5.5,5.5,6.8,7.5,8.9,8.8,11.5,11.5,11.5,11.5,11.5,11.2,13.8,17.1,18.4,27.6,26.3,32.4,25.9,32.4,29.8,38.2,44.7,51.8,51.2,,,,,
E07000041,Exeter,5.4,6.1,7.7,7.6,7.6,7.6,7.6,6.8,7.5,6.8,7.5,18.0,21.0,20.9,33.3,31.7,15.5,54.9,59.5,66.7,67.4,74.8,74.8,78.6,77.1,75.1,79.5,,,,,
E07000042,Mid Devon,9.8,9.8,9.8,9.7,14.6,14.6,15.8,14.4,15.6,15.6,15.6,18.0,22.8,22.8,22.8,22.8,22.8,22.8,22.8,22.7,25.1,27.5,31.0,32.2,32.2,27.1,29.4,,,,,
E07000043,North Devon,3.1,4.2,6.2,6.2,6.2,6.2,6.2,6.1,7.1,7.1,7.1,7.1,9.2,14.1,17.1,20.1,20.1,20.1,20.1,19.9,19.9,25.9,33.8,40.8,40.8,41.5,42.5,,,,,
E07000044,South Hams,1.2,1.2,1.2,1.1,1.1,2.3,2.3,2.3,2.3,2.3,2.3,2.3,2.3,4.5,5.6,3.4,1.1,3.4,3.4,5.6,6.7,14.5,14.5,14.5,14.5,14.1,16.3,,,,,
E07000045,Teignbridge,0.8,0.8,0.8,0.7,2.2,3.7,3.7,3.7,3.7,3.7,3.7,3.7,3.7,3.7,4.4,17.0,22.2,22.2,35.5,35.3,34.6,22.1,24.3,25.7,25.0,26.7,28.1,,,,,
E07000046,Torridge,8.8,8.8,8.8,8.8,8.8,8.8,8.8,8.7,8.7,8.7,8.7,8.7,8.7,8.8,8.8,10.2,10.2,10.2,10.2,10.2,8.7,10.2,8.7,5.8,4.4,8.6,8.6,,,,,
E07000047,West Devon,10.8,14.4,14.4,14.3,17.9,17.9,17.9,17.8,17.8,17.8,17.8,19.6,19.6,19.1,19.1,19.1,22.6,5.2,33.1,32.7,32.7,32.7,36.1,36.1,56.7,52.6,52.6,,,,,
E10000013,Gloucestershire,6.6,6.9,7.1,7.2,7.8,8.0,8.0,7.3,7.5,7.6,6.7,7.8,8.7,9.0,9.6,11.3,11.3,11.3,10.8,21.5,21.9,24.4,29.1,30.7,33.9,32.6,35.0,,,,,
E07000078,Cheltenham,2.6,2.6,2.6,2.6,4.3,4.3,6.0,5.2,5.2,5.2,4.3,4.3,4.3,4.2,5.0,10.1,10.1,10.1,9.3,10.9,10.9,11.7,15.1,19.3,22.6,18.9,26.3,,,,,
E07000079,Cotswold,4.5,4.5,4.5,4.5,5.6,5.6,5.6,3.3,3.3,3.3,3.3,3.3,7.8,8.8,8.8,12.1,12.1,9.9,9.9,9.9,13.1,15.3,19.7,21.9,21.9,21.8,24.0,,,,,
E07000080,Forest of Dean,1.2,2.3,2.3,2.3,3.5,4.6,4.6,4.6,3.4,3.4,3.4,3.4,4.6,4.6,6.9,6.9,8.0,8.0,8.0,17.1,14.8,14.8,13.6,14.8,26.2,23.4,23.4,,,,,
E07000081,Gloucester,4.6,5.4,6.2,7.0,7.0,7.0,7.0,6.9,8.5,8.5,8.5,9.3,10.0,9.8,9.8,9.8,9.1,9.1,9.1,9.7,12.7,12.7,12.7,13.5,15.7,19.5,19.5,,,,,
E07000082,Stroud,21.0,21.0,21.0,20.8,20.8,20.8,19.2,19.0,19.0,19.0,14.9,18.2,18.2,19.7,19.7,20.6,20.6,20.6,18.9,56.8,55.2,71.4,90.9,90.1,91.7,85.9,88.3,,,,,
E07000083,Tewkesbury,3.2,3.2,3.2,3.2,3.2,3.2,3.2,2.1,2.1,3.1,3.1,5.2,5.2,4.2,5.2,6.3,6.3,8.4,8.4,20.6,20.6,13.4,13.4,15.5,17.5,18.6,20.6,,,,,
E10000027,Somerset (abolished April 2023),2.3,3.0,3.4,3.7,3.9,4.3,5.0,5.1,6.2,6.7,7.3,7.6,8.0,8.7,9.8,[x],[x],[x],[x],[x],[x],[x],[x],[x],[x],[x],[x],,,,,
E07000187,Mendip (abolished April 2023),3.5,4.4,4.4,4.3,4.3,5.2,5.2,5.2,5.2,6.9,8.6,8.6,10.3,10.3,10.3,[x],[x],[x],[x],[x],[x],[x],[x],[x],[x],[x],[x],,,,,
E07000188,Sedgemoor (abolished April 2023),4.1,4.1,4.9,4.9,4.9,4.9,5.7,5.7,5.7,5.7,4.1,5.7,5.7,9.5,11.9,[x],[x],[x],[x],[x],[x],[x],[x],[x],[x],[x],[x],,,,,
E07000246,Somerset West and Taunton (abolished April 2023),1.3,1.3,1.3,1.3,1.3,1.3,1.3,1.3,5.1,5.8,7.7,7.7,7.7,7.0,8.2,[x],[x],[x],[x],[x],[x],[x],[x],[x],[x],[x],[x],,,,,
E07000189,South Somerset (abolished April 2023),1.2,3.0,3.6,4.8,5.3,5.9,7.7,8.3,8.3,8.3,8.3,8.3,8.3,8.7,9.2,[x],[x],[x],[x],[x],[x],[x],[x],[x],[x],[x],[x],,,,,
W92000004,Wales,1.8,2.3,2.5,2.7,2.9,3.2,3.6,4.4,5.0,5.3,5.8,6.7,7.0,9.1,11.3,12.2,13.5,14.2,17.9,18.7,19.7,20.3,22.1,24.0,25.5,25.7,26.1,,,,,
W06000001,Isle of Anglesey,4.3,4.3,5.7,5.7,5.7,5.7,5.7,5.7,5.7,5.7,5.7,5.7,5.7,13.1,14.5,14.5,13.1,13.1,14.5,14.5,14.5,11.6,13.0,33.3,33.3,33.3,36.2,,,,,
W06000002,Gwynedd,0.0,1.6,1.6,2.4,2.4,2.4,2.4,2.4,2.4,3.2,4.0,5.6,5.6,4.3,6.0,10.3,11.1,12.0,14.5,16.2,17.9,17.0,16.2,23.8,24.7,24.0,28.1,,,,,
W06000003,Conwy,0.0,0.0,0.9,3.4,3.4,3.4,3.4,3.4,3.4,3.4,3.4,3.4,2.5,2.6,2.6,1.7,4.4,4.4,4.4,4.4,4.4,4.4,4.4,6.1,6.1,6.1,8.7,,,,,
W06000004,Denbighshire,6.3,7.3,7.3,8.4,6.3,8.4,8.4,8.3,8.3,8.3,8.3,18.6,18.6,20.8,22.9,30.2,35.4,36.4,40.6,41.4,43.5,37.3,35.2,35.2,36.3,36.7,37.7,,,,,
W06000005,Flintshire,1.9,1.9,1.9,1.9,2.6,2.6,2.6,7.7,7.7,7.7,7.7,8.9,8.9,8.4,8.4,9.7,9.7,9.7,14.8,29.6,27.7,20.6,26.4,26.4,26.4,24.4,28.9,,,,,
W06000006,Wrexham,1.5,1.5,1.5,1.5,1.5,1.5,4.4,4.4,5.9,5.1,5.1,5.1,5.9,7.4,9.6,11.1,11.1,10.4,9.6,9.6,8.1,14.8,19.2,20.7,21.4,21.0,21.0,,,,,
W06000023,Powys,0.8,0.8,0.8,0.8,1.5,1.5,2.3,2.3,2.3,2.3,2.3,2.3,4.5,10.5,8.2,11.2,11.2,14.2,15.7,17.2,20.9,21.7,21.7,21.7,20.9,28.1,28.9,,,,,
W06000008,Ceredigion,2.7,2.7,4.1,4.1,4.1,4.1,5.5,5.5,13.7,13.7,15.1,15.1,15.1,15.6,17.0,34.0,35.4,35.4,35.4,41.9,36.3,37.7,36.3,40.5,51.7,51.0,41.3,,,,,
W06000009,Pembrokeshire,1.6,1.6,1.6,1.6,1.6,4.0,4.0,3.9,3.9,3.9,3.9,5.5,7.1,17.0,12.9,17.0,17.8,22.6,30.7,30.6,32.2,33.0,33.0,33.0,32.2,32.6,31.0,,,,,
W06000010,Carmarthenshire,2.1,3.2,3.2,3.2,3.7,3.7,3.7,4.2,4.2,5.3,5.8,8.4,8.4,13.8,26.0,22.3,22.8,28.2,37.2,38.1,40.7,37.5,43.9,43.4,51.8,48.2,48.2,,,,,
W06000011,Swansea,1.6,1.6,1.6,1.6,2.8,2.8,2.8,2.4,3.7,3.7,6.1,6.5,6.5,8.8,16.8,9.7,9.7,8.8,23.5,24.9,19.5,20.3,24.9,29.4,32.7,31.4,31.4,,,,,
W06000012,Neath Port Talbot,0.7,0.7,0.7,0.7,1.4,2.8,3.5,4.2,4.2,4.2,4.2,5.5,5.5,7.0,10.6,10.6,9.9,9.9,9.9,9.8,8.4,11.3,8.4,7.7,7.7,7.7,7.0,,,,,
W06000013,Bridgend,6.9,6.9,6.9,6.8,6.8,6.8,6.8,6.8,6.8,6.8,6.8,6.8,6.8,6.9,12.3,13.0,13.0,13.0,17.8,19.2,19.2,19.2,24.6,32.8,32.9,32.5,31.2,,,,,
W06000014,The Vale of Glamorgan,1.5,1.5,2.3,2.2,3.0,3.0,3.7,3.7,7.4,7.4,10.3,10.3,10.3,10.6,10.6,12.1,15.8,11.3,17.4,12.7,16.5,22.5,22.5,21.7,21.7,21.4,20.6,,,,,
W06000015,Cardiff,2.7,2.7,3.3,3.3,3.3,3.3,3.8,8.1,8.4,8.4,8.4,8.9,9.8,10.0,10.8,10.3,12.5,17.0,18.1,17.7,22.0,20.4,20.2,20.7,20.7,26.3,25.8,,,,,
W06000016,Rhondda Cynon Taf,0.0,0.0,0.0,0.0,0.0,0.0,0.0,0.4,0.4,0.4,0.8,0.8,1.2,1.7,2.9,3.4,3.8,3.4,5.1,5.4,6.7,9.6,14.2,15.5,15.5,11.1,10.3,,,,,
W06000024,Merthyr Tydfil,0.0,0.0,1.7,1.7,1.7,1.7,1.7,1.7,1.7,3.3,3.3,3.3,3.3,3.4,3.4,3.4,10.2,5.1,8.5,8.5,11.9,10.2,10.2,8.5,10.2,10.2,11.9,,,,,
W06000018,Caerphilly,0.0,1.1,1.7,2.2,2.8,2.8,3.3,3.9,3.9,3.9,3.9,3.9,4.4,5.7,4.5,5.1,7.4,5.1,7.4,5.7,7.9,7.9,7.9,8.5,9.1,9.0,9.0,,,,,
W06000019,Blaenau Gwent,0.0,1.4,1.4,1.4,1.4,1.4,1.4,1.4,1.4,1.4,1.4,4.3,4.3,9.0,4.5,4.5,10.4,7.5,11.9,7.5,11.9,16.4,16.4,19.4,19.4,19.2,22.1,,,,,
W06000020,Torfaen,0.0,1.1,1.1,1.1,1.1,1.1,1.1,1.1,1.1,2.1,2.1,2.1,2.1,2.2,3.2,3.2,5.4,4.3,7.6,5.4,6.5,14.0,15.1,18.3,18.3,17.0,17.0,,,,,
W06000021,Monmouthshire,2.1,3.2,3.2,3.2,4.2,4.2,4.2,3.2,4.2,4.2,4.2,4.2,4.2,7.5,7.5,22.5,18.2,18.2,19.3,19.2,20.2,24.5,26.6,30.9,35.2,32.7,40.0,,,,,
W06000022,Newport,3.9,5.9,5.9,5.8,5.8,7.1,7.8,8.3,8.9,12.1,13.4,13.4,13.4,18.2,23.8,23.8,27.6,29.4,29.4,31.0,33.4,35.9,37.8,36.5,40.3,42.3,42.9,,,,,
S92000003,Scotland,7.5,8.3,8.9,8.9,9.3,10.0,11.0,12.0,12.5,12.9,13.6,14.2,15.1,17.3,18.4,19.2,18.8,21.4,24.2,26.1,28.6,29.0,34.0,37.5,37.0,33.9,37.8,,,,,
S12000033,Aberdeen City,6.2,5.7,6.6,6.6,6.6,7.0,10.5,10.5,10.5,10.9,10.9,11.8,11.4,17.1,15.8,14.9,15.8,19.3,22.9,25.9,30.8,30.8,37.0,41.5,42.8,34.5,38.4,,,,,
S12000034,Aberdeenshire,5.7,5.7,5.7,5.7,5.7,6.1,6.5,6.9,6.9,7.7,8.4,8.4,8.4,9.9,10.7,10.7,8.4,8.4,15.6,16.7,18.6,16.3,20.5,20.5,20.1,24.1,24.5,,,,,
S12000041,Angus,10.3,10.3,12.9,13.8,13.8,14.6,19.8,21.6,20.7,20.7,21.6,22.4,19.0,23.3,23.3,23.3,25.0,25.8,33.6,33.1,31.4,34.9,32.3,34.0,34.0,40.9,40.9,,,,,
S12000035,Argyll & Bute,15.1,15.1,18.5,19.8,21.0,21.0,23.3,23.4,23.4,23.4,24.6,24.6,24.6,30.2,29.0,27.8,20.9,30.2,31.3,31.8,35.3,37.5,38.7,42.1,39.8,39.9,58.2,,,,,
S12000036,City of Edinburgh,3.3,3.5,3.5,2.9,2.7,2.7,4.2,4.5,4.5,4.9,5.3,5.5,10.4,12.0,13.9,15.0,16.1,16.5,16.9,17.7,17.9,20.0,24.5,28.4,26.6,23.9,31.5,,,,,
S12000005,Clackmannanshire,1.9,1.9,3.9,3.9,3.9,5.8,5.8,5.8,5.8,5.8,5.8,7.8,7.8,7.8,9.7,9.7,9.7,11.6,11.6,17.4,11.6,9.7,9.7,9.7,9.7,9.6,26.9,,,,,
S12000006,Dumfries & Galloway,16.1,16.1,17.5,17.5,18.8,18.8,20.2,20.9,21.6,21.6,21.6,21.6,21.6,24.2,25.5,28.9,26.9,31.6,47.7,50.1,66.5,66.5,65.9,67.9,67.2,66.5,67.9,,,,,
S12000042,Dundee City,26.2,26.2,27.6,26.1,26.1,27.5,27.5,28.9,28.9,28.2,28.2,28.2,28.9,37.9,39.3,38.6,42.0,42.6,40.6,44.5,53.9,47.9,55.3,72.8,69.4,68.1,74.1,,,,,
S12000008,East Ayrshire,7.4,9.8,13.1,13.1,13.1,13.1,13.9,14.0,14.0,14.8,14.8,14.8,14.8,15.6,14.8,15.6,14.8,15.6,17.2,22.4,17.4,20.8,31.6,32.4,30.7,31.3,34.6,,,,,
S12000045,East Dunbartonshire,2.8,2.8,3.7,3.7,3.7,3.7,3.7,3.7,3.7,3.7,3.7,3.7,3.7,3.7,2.8,2.8,2.8,7.3,7.3,7.3,8.3,7.3,11.9,20.2,21.1,18.2,19.1,,,,,
S12000010,East Lothian,10.4,9.5,14.2,14.0,15.9,17.7,17.7,21.3,21.3,22.2,22.2,25.0,25.9,24.6,25.6,26.5,26.5,36.5,37.4,37.3,39.1,36.5,35.6,30.2,32.9,25.2,26.0,,,,,
S12000011,East Renfrewshire,6.3,6.3,6.3,6.3,8.4,6.3,7.3,7.3,7.3,7.3,8.3,8.3,7.3,8.3,9.3,8.3,7.2,14.5,22.8,22.6,22.6,14.4,14.4,20.6,19.6,16.0,18.0,,,,,
S12000014,Falkirk,3.1,3.7,3.7,6.2,6.8,6.8,6.8,6.9,6.9,7.5,7.5,7.5,7.5,9.3,14.3,14.3,11.2,14.3,14.9,15.8,15.1,15.1,20.2,20.2,19.6,20.6,21.9,,,,,
S12000047,Fife,4.0,4.0,4.0,4.0,4.0,4.0,4.3,4.5,4.8,5.1,5.1,5.6,6.9,7.2,7.2,6.9,8.5,9.9,9.9,12.1,15.6,17.5,21.3,21.8,20.7,20.3,22.1,,,,,
S12000049,Glasgow City,2.9,3.5,3.7,3.6,3.8,3.8,3.8,3.8,3.8,5.3,7.7,8.3,9.4,11.0,10.5,11.8,12.3,13.2,15.6,16.1,17.3,22.8,34.5,41.1,38.5,29.5,33.7,,,,,
S12000017,Highland,22.1,22.9,23.4,24.6,25.0,31.4,31.4,33.6,34.4,35.3,37.0,37.8,38.2,46.6,49.1,50.0,45.8,49.1,49.6,53.0,53.0,51.8,58.1,57.3,56.4,48.0,54.4,,,,,
S12000018,Inverclyde,2.6,2.6,2.6,5.1,5.1,5.1,5.1,6.5,6.5,6.5,6.5,6.5,5.2,3.9,5.2,6.5,10.4,11.7,23.5,38.3,39.6,40.8,47.2,56.2,70.2,76.1,77.3,,,,,
S12000019,Midlothian,7.7,8.8,8.8,8.7,8.7,8.7,10.8,12.9,12.9,12.9,14.0,14.0,14.0,18.0,18.0,18.0,16.9,20.1,23.2,21.6,21.6,28.9,27.8,27.8,27.8,26.0,28.0,,,,,
S12000020,Moray,6.3,7.3,7.3,7.3,7.3,7.3,7.3,8.4,8.4,8.4,9.4,10.4,11.5,15.6,16.6,15.6,14.5,14.5,15.6,15.9,17.0,15.9,15.9,15.9,15.9,15.8,14.7,,,,,
S12000013,Na h-Eileanan Siar,33.5,29.8,29.8,26.2,26.2,26.2,26.2,26.4,26.4,26.4,26.4,26.4,26.4,37.5,37.5,37.5,26.3,30.0,41.3,45.9,57.4,53.6,68.9,72.7,72.7,69.2,111.5,,,,,
S12000021,North Ayrshire,7.4,8.1,8.1,8.9,8.9,11.1,13.4,13.4,13.4,13.4,13.4,13.4,11.9,14.9,15.6,16.4,14.2,15.6,15.6,22.5,24.7,24.7,30.0,39.7,34.5,31.3,35.1,,,,,
S12000050,North Lanarkshire,4.7,8.8,8.8,8.8,9.7,11.1,13.8,16.7,20.5,21.1,21.7,22.3,21.4,21.1,23.1,25.8,28.1,31.6,36.9,35.8,36.7,34.9,39.3,41.9,41.4,41.8,45.0,,,,,
S12000023,Orkney Islands,18.0,27.0,27.0,31.4,31.4,31.4,31.4,40.2,44.6,44.6,49.1,49.1,53.6,44.4,66.5,66.5,44.4,44.4,48.8,50.0,50.0,18.2,18.2,22.7,50.0,50.0,40.9,,,,,
S12000048,Perth & Kinross,20.5,21.8,23.1,21.7,24.4,24.4,24.4,27.0,29.0,29.6,29.6,30.3,34.2,35.8,37.1,38.4,34.5,43.6,43.6,51.6,55.6,52.9,54.3,57.6,57.6,54.4,60.2,,,,,
S12000038,Renfrewshire,6.7,7.3,8.4,8.4,8.9,8.9,10.1,11.7,11.7,11.7,11.7,11.7,12.8,15.0,20.0,20.6,17.8,19.5,18.9,23.9,25.0,24.4,36.9,47.7,47.2,43.9,46.5,,,,,
S12000026,Scottish Borders,10.4,13.0,13.9,13.9,13.9,14.7,16.4,16.5,17.4,17.4,17.4,17.4,17.4,15.5,19.8,20.7,12.1,19.0,23.3,24.8,28.2,26.5,31.7,28.2,30.8,28.2,25.6,,,,,
S12000027,Shetland Islands,8.7,8.7,8.7,8.7,8.7,8.7,8.7,8.7,8.7,8.7,8.7,8.7,8.7,26.2,26.2,26.2,21.8,26.2,26.2,26.1,26.1,21.7,34.8,39.1,39.1,34.5,64.7,,,,,
S12000028,South Ayrshire,6.2,7.1,6.2,6.2,6.2,8.9,10.7,10.7,10.7,10.7,10.7,13.4,14.3,16.0,16.0,15.1,16.0,16.9,16.9,17.0,22.4,27.8,34.1,35.9,35.9,26.7,32.1,,,,,
S12000029,South Lanarkshire,5.6,5.6,6.3,6.2,6.2,7.5,9.7,13.4,14.0,14.0,14.6,17.1,19.3,20.8,22.6,25.4,23.6,24.8,28.8,30.2,40.0,38.2,37.3,40.3,41.8,37.1,37.7,,,,,
S12000030,Stirling,14.8,19.1,20.1,19.1,19.1,19.1,19.1,21.3,25.5,24.4,25.5,25.5,26.6,28.9,27.8,30.0,28.9,31.0,31.0,30.3,43.2,40.0,49.7,62.7,61.6,59.4,64.7,,,,,
S12000039,West Dunbartonshire,2.2,4.5,4.5,4.5,4.5,4.5,4.5,4.5,4.5,4.5,6.8,6.8,6.8,8.0,8.0,10.3,26.2,29.6,37.6,43.0,32.9,27.2,38.5,40.8,40.8,33.7,40.4,,,,,
S12000040,West Lothian,2.2,2.7,2.7,2.7,3.8,4.4,4.9,4.9,4.9,5.4,5.4,6.0,7.1,9.2,9.2,9.7,12.4,17.2,21.0,21.5,21.5,29.2,31.9,29.2,28.1,22.5,27.4,,,,,
N92000002,Northern Ireland,1.0,1.0,1.0,1.0,1.2,1.1,1.1,1.1,1.1,1.2,1.3,1.1,1.2,1.4,1.9,3.0,2.9,4.1,7.0,7.9,8.0,8.6,9.9,9.8,10.8,11.0,11.3,,,,,
N09000001,Antrim and Newtownabbey,1.4,1.4,1.4,1.4,1.4,2.1,2.1,2.8,2.8,2.8,2.8,2.8,2.8,2.7,2.7,4.1,2.7,3.4,8.2,9.6,10.3,10.3,12.3,11.6,16.4,16.9,16.9,,,,,
N09000011,Ards and North Down,0.0,0.0,0.0,0.0,0.0,0.0,0.0,0.0,0.0,0.0,0.0,0.0,0.0,0.0,0.0,3.1,3.7,3.7,8.5,9.1,9.7,9.7,9.7,12.8,14.0,11.5,11.5,,,,,
N09000002,"Armagh City, Banbridge and Craigavon",0.5,0.5,0.5,0.5,0.5,0.5,0.5,0.5,0.5,0.9,0.9,0.5,0.5,0.5,0.5,1.8,1.4,2.3,2.7,4.5,3.2,3.2,9.1,8.6,9.5,9.0,9.9,,,,,
N09000003,Belfast,1.5,1.5,1.5,1.5,1.5,1.5,1.5,1.5,1.5,1.5,2.0,1.5,1.8,1.7,3.8,5.2,4.9,5.8,11.3,11.8,12.1,11.5,11.2,10.9,10.3,13.1,13.6,,,,,
N09000004,Causeway Coast and Glens,0.7,0.7,0.7,0.7,2.8,0.7,0.7,0.7,0.7,0.7,1.4,0.7,0.7,1.4,3.5,2.8,3.5,8.5,10.6,10.6,11.3,15.6,12.0,11.3,10.6,10.6,10.6,,,,,
N09000005,Derry City and Strabane,0.7,0.7,0.7,0.7,0.7,0.7,0.7,0.7,0.7,0.7,0.7,0.7,0.7,1.3,0.7,0.7,2.0,3.3,4.0,4.0,4.0,4.0,4.6,5.3,5.3,5.9,5.9,,,,,
N09000006,Fermanagh and Omagh,1.7,1.7,1.7,1.7,1.7,1.7,1.7,1.7,1.7,1.7,1.7,2.6,1.7,2.6,2.6,2.6,1.7,4.3,4.3,8.5,6.8,7.7,7.7,6.8,6.8,5.9,5.9,,,,,
N09000007,Lisburn and Castlereagh,0.7,0.7,0.7,0.7,0.7,0.7,0.7,0.7,0.7,0.7,0.7,0.7,0.7,0.7,2.0,2.7,2.7,3.3,5.4,5.3,5.3,5.3,11.3,14.0,14.0,13.8,13.8,,,,,
N09000008,Mid and East Antrim,1.4,1.4,1.4,1.4,1.4,1.4,1.4,1.4,1.4,1.4,1.4,1.4,1.4,2.2,2.2,2.9,2.9,6.5,6.5,7.2,9.3,10.1,12.9,10.1,13.7,15.0,15.0,,,,,
N09000009,Mid Ulster,1.4,1.4,1.4,1.3,1.3,1.3,1.3,1.3,1.3,1.3,1.3,1.3,2.0,2.0,2.0,3.3,3.3,3.3,4.6,5.3,6.0,8.6,9.3,8.6,13.2,11.8,12.4,,,,,
N09000010,"Newry, Mourne and Down",1.1,1.1,1.1,1.1,1.1,1.1,1.1,1.1,1.1,1.1,1.1,0.6,0.6,0.5,0.5,1.6,1.1,0.5,6.6,7.7,7.1,7.7,8.2,7.1,6.6,6.0,6.6,,,,,
,,,,,,,,,,,,,,,,,,,,,,,,,,,,,,,,,
,,,,,,,,,,,,,,,,,,,,,,,,,,,,,,,,,
,,,,,,,,,,,,,,,,,,,,,,,,,,,,,,,,,
,,,,,,,,,,,,,,,,,,,,,,,,,,,,,,,,,
,,,,,,,,,,,,,,,,,,,,,,,,,,,,,,,,,
,,,,,,,,,,,,,,,,,,,,,,,,,,,,,,,,,
,,,,,,,,,,,,,,,,,,,,,,,,,,,,,,,,,
,,,,,,,,,,,,,,,,,,,,,,,,,,,,,,,,,
,,,,,,,,,,,,,,,,,,,,,,,,,,,,,,,,,
,,,,,,,,,,,,,,,,,,,,,,,,,,,,,,,,,
,,,,,,,,,,,,,,,,,,,,,,,,,,,,,,,,,
,,,,,,,,,,,,,,,,,,,,,,,,,,,,,,,,,
,,,,,,,,,,,,,,,,,,,,,,,,,,,,,,,,,
,,,,,,,,,,,,,,,,,,,,,,,,,,,,,,,,,
,,,,,,,,,,,,,,,,,,,,,,,,,,,,,,,,,
,,,,,,,,,,,,,,,,,,,,,,,,,,,,,,,,,
,,,,,,,,,,,,,,,,,,,,,,,,,,,,,,,,,
,,,,,,,,,,,,,,,,,,,,,,,,,,,,,,,,,
,,,,,,,,,,,,,,,,,,,,,,,,,,,,,,,,,
,,,,,,,,,,,,,,,,,,,,,,,,,,,,,,,,,
,,,,,,,,,,,,,,,,,,,,,,,,,,,,,,,,,
,,,,,,,,,,,,,,,,,,,,,,,,,,,,,,,,,
,,,,,,,,,,,,,,,,,,,,,,,,,,,,,,,,,
,,,,,,,,,,,,,,,,,,,,,,,,,,,,,,,,,
,,,,,,,,,,,,,,,,,,,,,,,,,,,,,,,,,
,,,,,,,,,,,,,,,,,,,,,,,,,,,,,,,,,
,,,,,,,,,,,,,,,,,,,,,,,,,,,,,,,,,
,,,,,,,,,,,,,,,,,,,,,,,,,,,,,,,,,
,,,,,,,,,,,,,,,,,,,,,,,,,,,,,,,,,
,,,,,,,,,,,,,,,,,,,,,,,,,,,,,,,,,
,,,,,,,,,,,,,,,,,,,,,,,,,,,,,,,,,
,,,,,,,,,,,,,,,,,,,,,,,,,,,,,,,,,
,,,,,,,,,,,,,,,,,,,,,,,,,,,,,,,,,
,,,,,,,,,,,,,,,,,,,,,,,,,,,,,,,,,
,,,,,,,,,,,,,,,,,,,,,,,,,,,,,,,,,
,,,,,,,,,,,,,,,,,,,,,,,,,,,,,,,,,
,,,,,,,,,,,,,,,,,,,,,,,,,,,,,,,,,
,,,,,,,,,,,,,,,,,,,,,,,,,,,,,,,,,
