"Table 2a: Publicly available electric vehicle charging devices at all speeds by local authority per 100,000 population, from October 2019 [Note 1, 2, 3, 5]",,,,,,,,,,,,,,,,,,,,,,,,,,,,,,
This worksheet contains 1 table. Some cells refer to notes which can be found on the notes worksheet.,,,,,,,,,,,,,,,,,,,,,,,,,,,,,,
"Local authority / region code 
[Note 5]",Local authority / region name,Oct-19,Jan-20,Apr-20,Jul-20,Oct-20,Jan-21,Apr-21,Jul-21,Oct-21,Jan-22,Apr-22,Jul-22,Oct-22,Jan-23,Apr-23,Jul-23,Oct-23,Jan-24,Apr-24,Jul-24,Oct-24 [Note 14],Jan-25,Apr-25,Jul-25,Oct-25,Jan-26  [Note 16],Apr-26,,
K02000001,United Kingdom,22.8,24.8,27.0,27.3,29.2,31.1,34.1,36.3,38.7,42.3,45.2,47.7,51.6,55.3,59.9,65.7,73.4,80.1,89.0,95.6,103.6,108.5,113.2,121.3,127.3,126.7,133.0,,
K03000001,Great Britain,23.0,25.1,27.3,27.7,29.5,31.5,34.6,36.9,39.3,43.0,45.9,48.6,52.6,56.3,61.1,66.9,74.9,81.7,90.8,97.5,105.7,110.6,115.5,123.8,129.8,129.3,135.7,,
E92000001,England,22.4,24.5,26.8,27.3,29.2,31.0,34.2,36.4,38.8,42.7,45.8,48.6,52.7,55.7,60.5,66.7,75.2,82.0,91.1,97.4,105.7,111.0,115.4,123.8,129.8,129.3,135.1,,
E12000001,North East,27.8,28.3,29.6,30.4,31.8,30.7,32.0,33.1,34.2,36.4,37.7,43.1,42.6,47.3,52.6,62.6,58.0,60.3,73.4,71.5,85.5,96.3,95.2,100.7,100.6,99.0,106.9,,
E06000047,County Durham,17.5,18.2,19.4,19.8,20.0,20.8,22.8,21.8,23.3,24.0,27.9,32.6,38.6,43.9,46.0,49.7,51.4,55.8,59.3,59.3,68.0,75.7,87.5,91.3,91.3,90.9,97.2,,
E06000005,Darlington,25.3,25.3,26.3,26.2,27.2,27.2,27.2,28.9,28.9,27.9,28.9,45.6,50.3,62.8,67.5,73.9,73.9,80.4,98.9,94.1,98.7,86.8,92.3,100.5,103.2,88.0,88.9,,
E06000001,Hartlepool,5.4,5.4,6.4,6.4,6.4,8.5,9.6,10.7,11.7,13.9,12.8,11.7,8.5,25.9,29.2,29.2,29.2,34.6,40.0,40.5,35.2,36.2,40.5,52.2,52.2,48.9,55.0,,
E06000002,Middlesbrough,17.8,19.2,20.6,20.6,20.6,21.3,21.3,21.2,21.2,22.6,24.1,26.9,23.4,35.5,40.4,43.8,43.1,44.5,40.4,35.1,46.5,49.2,54.0,59.3,63.4,63.4,64.7,,
E06000057,Northumberland,43.4,43.1,46.5,47.1,50.2,46.2,47.5,53.1,57.4,60.8,61.1,69.8,67.9,78.1,82.1,87.1,86.1,88.0,120.4,118.1,159.7,171.7,183.7,190.2,188.4,173.8,179.2,,
E06000003,Redcar and Cleveland,12.4,12.4,14.6,14.6,17.5,17.5,19.0,23.3,24.8,26.2,26.2,29.1,32.8,27.1,42.5,44.7,52.0,49.8,50.5,43.0,51.0,52.5,48.8,57.6,61.2,62.5,63.2,,
E06000004,Stockton-on-Tees,36.0,37.0,38.5,43.1,43.6,42.6,43.6,43.6,43.1,48.1,49.1,51.7,51.2,54.3,63.4,82.2,58.4,55.8,59.4,55.5,63.0,66.0,64.0,93.0,77.5,76.9,88.5,,
E11000007,Tyne and Wear (Metropolitan County),31.9,32.5,33.1,33.9,35.7,33.8,35.0,35.8,36.2,38.7,39.6,44.9,41.4,43.2,48.6,64.4,56.5,58.7,76.2,75.3,88.6,106.8,94.7,95.6,97.2,99.9,110.9,,
E08000037,Gateshead,29.6,30.1,32.6,33.2,34.6,30.7,30.2,31.2,32.7,31.7,37.6,38.1,34.7,37.2,60.2,105.0,82.1,91.3,100.4,101.2,105.7,107.7,110.3,116.8,146.7,133.7,137.1,,
E08000021,Newcastle upon Tyne,35.3,36.3,35.6,36.0,38.3,37.3,39.3,41.1,40.4,41.1,41.4,45.0,47.6,51.0,51.6,50.6,43.6,43.9,68.4,69.3,99.8,92.0,88.1,83.2,90.1,96.1,103.9,,
E08000022,North Tyneside,18.4,16.5,19.4,20.2,23.1,22.6,22.1,21.5,22.5,25.4,25.9,36.9,25.4,23.4,23.9,28.2,30.6,35.4,36.3,34.2,38.5,42.3,41.8,40.9,45.6,40.0,50.7,,
E08000023,South Tyneside,20.0,18.6,18.6,18.5,18.5,17.9,18.5,19.9,19.9,27.8,28.5,35.1,33.7,33.8,37.2,42.6,29.1,25.0,29.7,27.6,40.4,80.7,98.9,111.7,88.8,101.7,113.6,,
E08000024,Sunderland,46.1,49.4,48.7,50.8,52.2,49.3,52.6,52.5,53.3,57.2,55.4,61.2,55.8,59.1,62.0,89.7,86.8,87.5,122.9,120.4,128.0,185.7,128.7,127.3,113.6,124.0,143.8,,
E12000002,North West,16.5,17.5,19.4,20.1,19.1,19.2,20.6,22.0,23.4,24.5,25.6,27.2,29.7,31.2,33.3,39.5,42.5,48.9,53.3,59.5,63.8,66.1,68.6,75.4,78.1,75.9,80.4,,
E06000008,Blackburn with Darwen,9.4,12.1,13.4,16.0,20.0,20.0,18.0,20.0,20.7,21.3,22.0,26.0,30.7,27.8,29.7,29.0,29.0,28.4,36.8,31.5,34.7,37.9,36.0,38.5,43.0,41.2,41.8,,
E06000009,Blackpool,9.3,10.8,10.8,12.2,13.6,14.3,15.8,15.9,17.3,15.9,16.6,17.3,21.7,21.3,21.3,22.0,27.7,34.1,35.5,31.8,58.6,70.6,65.0,64.3,69.9,74.9,79.8,,
E06000049,Cheshire East,15.5,17.1,18.1,18.5,19.3,19.5,22.6,26.4,29.0,31.6,33.4,33.4,36.2,36.7,38.2,38.4,37.5,40.9,44.9,50.2,52.4,59.0,63.5,78.0,80.4,76.4,79.0,,
E06000050,Cheshire West and Chester,11.7,11.7,14.1,14.3,16.0,16.6,20.1,24.1,28.8,29.4,30.0,30.5,33.7,31.9,31.9,37.2,37.5,55.6,58.1,60.8,63.0,65.5,66.1,72.2,77.7,70.2,70.2,,
E06000063,Cumberland (from April 2023),[x],[x],[x],[x],[x],[x],[x],[x],[x],[x],[x],[x],[x],[x],[x],66.8,69.0,76.3,89.5,92.6,107.1,100.2,111.5,118.4,118.7,117.3,123.7,,
E06000006,Halton,6.2,7.8,8.6,10.8,9.3,9.3,9.3,13.1,13.1,13.1,28.5,29.3,39.3,38.1,40.4,41.2,41.2,45.9,43.6,43.4,48.1,44.2,43.4,44.2,51.2,51.7,55.5,,
E06000007,Warrington,31.5,31.5,39.1,39.5,39.0,40.5,41.4,42.0,42.5,42.5,47.3,48.2,53.0,54.0,58.7,61.1,60.1,59.2,63.4,101.6,75.6,77.0,79.9,95.0,111.1,109.6,124.4,,
E06000064,Westmorland and Furness (from April 2023),[x],[x],[x],[x],[x],[x],[x],[x],[x],[x],[x],[x],[x],[x],[x],128.6,126.9,132.2,134.8,175.7,205.1,209.1,223.2,240.3,254.4,243.3,220.3,,
E10000006,Cumbria (abolished April 2023),30.1,32.7,35.9,36.6,38.2,39.6,42.0,45.0,47.4,50.2,55.4,63.0,73.0,76.1,80.9,[x],[x],[x],[x],[x],[x],[x],[x],[x],[x],[x],[x],,
E07000026,Allerdale (abolished April 2023),17.4,17.4,18.5,18.4,18.4,20.5,20.5,19.4,19.4,22.5,22.5,31.7,36.8,40.5,48.8,[x],[x],[x],[x],[x],[x],[x],[x],[x],[x],[x],[x],,
E07000027,Barrow-in-Furness (abolished April 2023),0.0,0.0,3.0,3.0,4.5,4.5,10.4,12.0,13.5,22.5,22.5,22.5,25.5,25.2,35.6,[x],[x],[x],[x],[x],[x],[x],[x],[x],[x],[x],[x],,
E07000028,Carlisle (abolished April 2023),24.0,25.8,28.6,30.4,32.2,35.9,37.7,46.1,45.2,47.0,55.3,64.5,83.9,82.5,78.9,[x],[x],[x],[x],[x],[x],[x],[x],[x],[x],[x],[x],,
E07000029,Copeland (abolished April 2023),30.7,30.7,32.2,32.3,32.3,32.3,35.2,41.2,41.2,41.2,41.2,42.6,44.1,44.7,44.7,[x],[x],[x],[x],[x],[x],[x],[x],[x],[x],[x],[x],,
E07000030,Eden (abolished April 2023),54.8,58.6,64.3,67.6,71.4,69.5,73.2,72.6,83.7,87.4,91.2,89.3,96.7,96.4,103.7,[x],[x],[x],[x],[x],[x],[x],[x],[x],[x],[x],[x],,
E07000031,South Lakeland (abolished April 2023),54.5,63.1,68.9,68.5,71.4,73.3,75.2,77.2,82.9,83.9,98.2,116.3,132.5,144.3,152.9,[x],[x],[x],[x],[x],[x],[x],[x],[x],[x],[x],[x],,
E11000001,Greater Manchester (Metropolitan County),15.9,16.5,18.0,17.9,14.5,13.9,14.5,14.9,15.7,16.6,16.2,17.8,18.3,21.6,21.9,26.5,27.1,36.1,40.8,48.0,50.8,51.0,53.8,60.7,63.4,59.9,63.5,,
E08000001,Bolton,9.1,9.8,10.9,10.8,8.3,6.3,7.3,8.3,8.3,8.3,9.0,9.0,9.4,11.8,10.1,12.2,15.2,15.5,25.7,24.4,30.8,24.1,32.5,34.5,43.2,34.5,35.8,,
E08000002,Bury,10.5,10.5,12.6,12.6,8.9,8.9,8.9,8.9,11.5,12.1,11.5,12.1,13.6,20.6,15.0,14.4,13.9,23.2,27.3,30.3,28.3,28.3,27.7,26.2,36.0,33.2,35.2,,
E08000003,Manchester,21.7,23.6,23.9,24.6,19.0,17.5,18.3,19.3,20.2,22.0,20.2,22.1,21.6,28.7,28.2,34.2,32.7,56.7,63.3,75.0,73.5,74.5,74.0,94.2,96.5,82.9,85.0,,
E08000004,Oldham,14.9,16.1,18.7,18.6,13.5,13.1,13.1,13.9,13.9,14.3,15.1,17.7,18.9,21.5,23.1,27.3,28.1,31.8,43.4,42.6,48.4,48.4,49.2,48.4,48.0,47.7,45.7,,
E08000005,Rochdale,13.6,13.2,16.4,16.2,14.8,11.7,11.2,9.8,12.1,13.9,14.8,15.2,15.2,17.4,16.1,19.6,22.3,25.9,26.8,35.2,38.3,43.6,47.6,40.5,45.8,52.2,57.7,,
E08000006,Salford,35.8,35.0,37.3,34.8,28.6,28.6,28.2,28.9,28.9,28.6,28.2,30.1,30.8,35.5,38.8,42.8,42.8,42.1,46.9,61.9,58.6,60.4,59.7,62.9,61.5,61.5,62.9,,
E08000007,Stockport,9.6,11.0,11.7,11.6,10.9,11.2,12.3,11.9,12.2,12.2,12.6,13.6,15.6,15.9,16.9,21.7,20.3,18.3,27.1,33.7,49.1,46.4,55.5,58.6,66.0,72.7,77.6,,
E08000008,Tameside,8.9,9.8,11.1,11.5,8.4,9.7,9.7,11.0,11.0,10.1,10.6,11.0,13.6,12.5,13.0,14.7,14.3,15.1,16.4,21.5,21.1,22.8,22.3,24.9,23.2,29.6,37.6,,
E08000009,Trafford,20.7,20.7,21.6,21.5,19.0,19.0,19.0,18.5,21.9,26.9,24.4,32.0,30.3,35.7,38.2,43.7,49.2,83.2,76.8,85.1,91.4,86.8,91.8,116.0,111.7,115.3,128.2,,
E08000010,Wigan,8.6,8.9,10.7,11.3,9.4,9.7,12.2,12.7,12.1,12.4,11.5,11.8,12.1,11.8,14.3,24.9,24.6,29.7,31.2,39.5,40.4,45.8,50.0,56.0,57.8,42.3,45.5,,
E10000017,Lancashire,19.8,21.2,23.3,24.6,26.9,27.5,29.3,31.1,33.3,34.9,35.7,37.7,40.5,40.4,42.1,48.7,51.5,54.2,60.4,65.2,72.5,76.8,78.8,82.3,84.3,84.2,84.3,,
E07000117,Burnley,11.3,13.6,14.7,16.9,18.0,20.2,20.2,20.1,26.9,29.1,32.5,34.7,34.7,33.8,35.9,38.0,41.2,45.4,52.8,61.7,59.7,61.7,61.7,67.0,76.4,71.5,63.5,,
E07000118,Chorley,27.4,28.2,29.1,31.3,33.8,33.8,33.8,36.2,38.7,41.2,40.4,43.7,41.2,40.7,39.0,48.3,58.5,61.0,66.1,66.6,74.2,86.8,83.5,94.4,94.4,80.3,80.3,,
E07000119,Fylde,12.5,15.0,15.0,14.9,17.3,19.8,19.8,19.7,19.7,19.7,19.7,24.6,30.8,30.5,30.5,30.5,31.8,39.1,39.1,50.6,56.6,54.2,84.3,83.1,87.9,87.8,97.1,,
E07000120,Hyndburn,9.9,13.6,18.6,23.4,28.4,28.4,28.4,29.6,25.9,27.1,27.1,29.6,25.9,36.5,35.3,35.3,35.3,35.3,40.1,40.9,43.3,39.7,36.1,30.0,44.5,43.0,33.7,,
E07000121,Lancaster,29.8,29.1,39.5,39.0,42.5,44.5,44.5,49.3,50.0,51.3,54.7,56.7,62.8,60.5,59.8,90.0,85.1,87.2,97.1,96.2,112.8,117.0,112.2,116.3,116.3,115.9,110.3,,
E07000122,Pendle,15.3,15.3,15.3,16.3,16.3,16.3,16.3,16.3,16.3,16.3,17.4,17.4,20.6,19.8,19.8,19.8,21.9,21.9,20.9,20.8,20.8,22.9,41.6,41.6,28.1,40.1,46.1,,
E07000123,Preston,26.8,28.9,28.9,30.7,32.1,32.1,34.9,36.1,36.8,36.8,36.8,38.2,38.2,37.3,38.6,37.9,38.6,37.3,46.1,52.1,54.8,48.8,46.2,53.4,54.8,52.8,58.9,,
E07000124,Ribble Valley,28.3,26.6,30.0,29.6,29.6,26.3,34.5,41.9,45.1,45.1,45.1,45.1,48.4,53.3,54.9,61.4,59.8,54.9,63.0,77.6,68.1,87.2,99.8,103.0,96.7,106.4,94.2,,
E07000125,Rossendale,8.5,15.5,15.5,16.8,18.2,21.0,21.0,21.0,21.0,21.0,21.0,23.8,28.0,28.2,29.6,29.6,40.8,43.7,57.7,59.0,109.6,109.6,116.6,119.4,129.3,136.9,141.0,,
E07000126,South Ribble,22.6,22.6,23.5,26.2,34.3,35.2,39.7,44.1,45.0,45.0,45.0,45.9,56.7,50.4,51.3,50.4,59.4,62.0,63.8,79.3,98.1,94.5,90.9,106.1,107.0,109.4,115.4,,
E07000127,West Lancashire,17.6,19.3,21.1,21.0,21.9,21.0,28.0,27.9,41.9,41.9,43.7,48.0,46.3,46.1,56.4,70.0,67.4,70.9,79.4,79.6,82.1,99.7,90.5,85.5,87.1,85.2,86.9,,
E07000128,Wyre,14.4,16.2,15.3,16.1,16.1,16.1,16.1,16.8,16.8,26.5,26.5,26.5,33.6,36.5,41.8,48.9,56.9,68.5,74.7,78.4,74.9,87.1,88.8,88.0,93.2,96.8,95.2,,
E11000002,Merseyside (Metropolitan County),11.9,12.6,14.1,15.8,14.0,14.2,16.2,17.2,18.1,18.8,19.8,19.7,21.6,22.5,27.8,38.4,50.3,54.4,56.1,56.6,58.8,63.4,63.7,70.0,68.4,69.7,84.4,,
E08000011,Knowsley,4.7,4.7,5.3,6.0,6.0,6.0,7.3,11.8,13.1,15.1,15.7,15.7,16.4,16.1,18.7,21.3,21.3,23.9,24.5,23.6,25.5,24.8,33.1,41.4,45.8,45.5,39.4,,
E08000012,Liverpool,24.0,25.1,28.7,30.3,26.7,27.1,30.3,33.0,33.6,34.4,35.0,35.0,38.0,40.0,53.0,84.8,119.9,124.7,125.7,117.2,117.0,120.2,123.6,124.4,115.1,116.9,161.5,,
E08000014,Sefton,4.7,6.2,6.2,6.9,6.9,6.9,10.9,8.3,9.4,9.4,10.9,10.1,10.9,12.9,13.9,14.3,14.3,15.7,18.6,19.2,22.4,27.8,27.4,35.9,39.9,41.2,41.6,,
E08000013,St. Helens,8.3,8.9,9.4,15.0,11.1,11.1,11.1,11.0,12.1,12.1,13.3,11.6,13.8,15.3,18.0,16.9,16.9,16.4,21.8,20.6,24.4,26.0,27.1,46.0,48.2,43.4,45.5,,
E08000015,Wirral,4.6,4.9,4.9,6.2,5.9,6.2,5.9,6.2,7.4,8.0,9.6,10.8,12.3,11.5,11.9,9.7,9.7,18.4,18.7,32.6,36.9,47.4,38.8,43.7,44.0,48.7,47.1,,
E12000003,Yorkshire and the Humber,12.1,14.1,16.4,17.3,18.1,19.2,20.5,20.9,24.0,25.7,27.4,29.2,33.3,35.5,36.6,45.0,46.0,48.7,53.3,55.9,60.2,65.6,66.2,74.7,75.7,74.2,78.3,,
E06000011,East Riding of Yorkshire,8.0,8.2,10.9,11.1,12.3,12.6,16.1,16.9,18.1,20.7,22.7,21.6,25.9,32.9,35.8,41.1,43.1,51.0,52.5,54.6,58.6,64.4,66.1,74.2,72.5,70.0,81.2,,
E06000010,"Kingston upon Hull, City of",6.5,8.1,10.7,10.8,11.9,13.1,13.9,13.1,15.8,18.5,19.7,20.8,22.0,21.4,23.3,26.6,26.6,28.1,41.3,46.1,50.2,56.9,56.2,64.7,65.1,63.5,62.5,,
E06000012,North East Lincolnshire,10.6,10.0,11.3,11.9,11.9,11.9,13.2,15.1,15.1,15.7,17.6,16.9,19.5,19.7,19.7,24.2,24.2,26.7,27.4,29.8,50.1,44.4,45.6,53.2,48.8,42.5,50.0,,
E06000013,North Lincolnshire,8.1,7.0,7.6,8.7,9.3,10.4,12.2,12.2,14.5,14.5,15.1,20.3,20.3,28.2,28.2,28.2,28.8,35.9,38.8,40.0,50.6,62.9,67.6,69.4,74.1,72.4,77.0,,
E06000065,North Yorkshire (from April 2023),[x],[x],[x],[x],[x],[x],[x],[x],[x],[x],[x],[x],[x],[x],[x],70.9,79.2,91.1,107.3,110.5,121.4,127.8,124.3,139.7,145.2,144.5,146.7,,
E06000014,York [Note 13],27.6,27.6,32.4,33.2,34.7,35.1,35.6,37.4,40.8,42.7,47.9,52.1,71.1,75.4,76.4,109.6,104.1,94.2,72.9,71.4,76.3,77.2,78.2,83.1,77.7,78.8,85.0,,
E10000023,North Yorkshire (abolished April 2023),18.2,19.0,22.5,23.0,25.4,25.7,28.2,28.5,34.8,36.3,39.0,42.2,51.6,53.6,58.2,[x],[x],[x],[x],[x],[x],[x],[x],[x],[x],[x],[x],,
E07000163,Craven (abolished April 2023),26.4,24.6,29.9,31.5,35.0,35.0,49.0,45.3,48.8,50.6,59.3,64.5,88.9,89.3,89.3,[x],[x],[x],[x],[x],[x],[x],[x],[x],[x],[x],[x],,
E07000164,Hambleton (abolished April 2023),16.5,18.7,20.8,21.8,26.2,27.3,27.3,32.6,39.2,41.3,44.6,51.1,52.2,57.1,58.2,[x],[x],[x],[x],[x],[x],[x],[x],[x],[x],[x],[x],,
E07000165,Harrogate (abolished April 2023),20.6,22.4,26.2,26.1,30.5,30.5,32.3,31.0,32.8,34.7,40.2,40.2,50.1,50.0,67.6,[x],[x],[x],[x],[x],[x],[x],[x],[x],[x],[x],[x],,
E07000166,Richmondshire (abolished April 2023),31.9,30.1,31.9,33.5,33.5,33.5,33.5,33.5,35.4,37.2,48.4,65.1,78.2,85.4,85.4,[x],[x],[x],[x],[x],[x],[x],[x],[x],[x],[x],[x],,
E07000167,Ryedale (abolished April 2023),23.7,27.3,41.9,41.5,41.5,41.5,46.9,48.5,89.9,91.7,77.3,73.7,98.9,103.8,103.8,[x],[x],[x],[x],[x],[x],[x],[x],[x],[x],[x],[x],,
E07000168,Scarborough (abolished April 2023),14.7,14.7,15.6,16.6,18.4,18.4,18.4,18.4,17.5,18.4,20.2,23.9,28.5,32.1,30.3,[x],[x],[x],[x],[x],[x],[x],[x],[x],[x],[x],[x],,
E07000169,Selby (abolished April 2023),3.4,3.4,3.4,3.3,3.3,4.4,5.5,6.5,12.0,12.0,12.0,12.0,13.1,13.0,13.0,[x],[x],[x],[x],[x],[x],[x],[x],[x],[x],[x],[x],,
E11000003,South Yorkshire (Metropolitan County),9.7,14.5,15.5,16.4,16.9,17.7,18.9,19.2,21.3,22.5,23.8,25.3,25.8,27.7,28.2,38.3,39.2,39.8,41.9,47.5,50.6,56.2,55.5,67.5,70.0,67.0,70.4,,
E08000016,Barnsley,3.7,5.7,7.7,8.1,8.5,9.3,10.1,10.1,18.1,20.6,22.2,22.6,24.2,26.1,25.3,36.3,39.6,40.0,42.9,40.6,45.8,53.6,48.7,56.4,65.7,59.2,54.8,,
E08000017,Doncaster,10.9,13.8,14.5,14.4,15.1,16.4,16.7,17.6,18.2,20.8,22.4,21.7,23.3,24.6,27.2,36.6,35.0,33.4,38.5,46.9,50.2,54.3,51.1,65.6,67.5,60.0,66.3,,
E08000018,Rotherham,16.2,21.2,21.2,22.2,23.0,24.1,25.6,25.3,26.0,25.7,27.9,35.1,31.3,31.6,32.3,37.2,36.8,39.8,44.3,49.9,61.1,61.9,66.3,78.6,74.5,73.8,81.7,,
E08000019,Sheffield,8.6,15.5,16.7,18.3,18.6,19.2,20.7,21.0,22.1,22.9,23.4,23.9,25.3,28.3,28.1,40.6,42.6,43.3,42.2,49.6,47.9,55.6,55.8,68.0,71.2,70.9,74.0,,
E11000006,West Yorkshire (Metropolitan County),12.2,13.8,16.4,17.5,18.0,19.7,20.5,21.0,24.4,26.4,27.8,29.6,33.8,35.4,35.8,41.7,41.7,43.2,48.4,49.3,51.0,56.6,58.7,64.3,64.2,63.6,67.9,,
E08000032,Bradford,8.9,11.0,15.1,15.6,16.7,17.6,18.7,19.6,19.9,20.3,20.3,21.0,22.3,28.5,28.2,29.4,32.2,32.9,39.1,37.6,36.6,43.4,44.3,56.6,56.6,54.3,60.3,,
E08000033,Calderdale,9.0,10.0,13.3,13.2,13.2,16.1,16.6,16.6,22.2,23.2,25.1,26.5,34.1,33.4,35.8,35.8,35.8,37.7,42.5,44.3,49.1,57.8,59.7,59.2,64.0,62.1,64.0,,
E08000034,Kirklees,9.3,9.8,11.4,11.4,13.0,13.4,14.1,14.3,14.3,15.9,16.5,17.0,19.7,19.4,19.8,22.6,23.1,27.5,30.5,30.2,31.8,36.6,39.8,41.6,38.9,39.1,41.5,,
E08000035,Leeds,17.9,19.3,21.8,24.6,23.8,26.7,27.7,28.4,36.2,40.6,42.6,45.4,52.3,50.9,51.3,63.5,61.2,62.3,65.1,66.6,69.9,75.4,76.7,83.9,82.6,82.1,88.3,,
E08000036,Wakefield,9.9,13.0,14.5,14.6,16.1,16.9,17.5,17.3,18.5,19.1,21.3,24.5,26.7,31.4,31.7,37.9,37.9,37.9,49.7,54.0,54.8,57.3,62.1,61.5,64.9,66.4,67.2,,
E12000004,East Midlands,15.5,17.9,19.3,19.9,21.3,22.5,24.3,26.3,29.0,31.9,33.4,35.3,37.9,39.0,40.8,42.8,45.8,50.4,58.3,63.0,69.6,72.9,73.0,76.8,78.2,78.2,82.9,,
E06000015,Derby,20.6,22.2,22.6,22.5,22.9,22.9,24.1,24.9,25.3,27.3,29.6,34.7,35.8,34.1,37.9,45.6,44.4,49.0,69.3,66.8,72.1,76.7,71.0,72.5,76.7,82.8,82.4,,
E06000016,Leicester,19.7,20.3,20.3,20.6,20.6,20.6,20.9,21.5,22.3,25.4,32.2,31.9,31.6,29.8,31.1,31.1,32.0,31.1,45.9,50.6,54.9,55.7,54.1,52.2,55.2,54.6,58.2,,
E06000061,North Northamptonshire (from April 2021),[x],[x],[x],[x],[x],[x],[x],24.5,26.3,26.8,28.5,33.7,35.1,35.5,38.6,41.3,46.9,56.1,63.5,65.5,69.1,73.5,82.0,86.7,83.9,82.4,88.3,,
E06000018,Nottingham,31.4,38.1,38.7,37.5,39.1,43.0,44.5,43.9,44.8,56.7,55.2,58.4,60.5,69.2,73.9,72.0,70.7,73.2,82.0,84.0,91.3,91.9,86.8,94.7,96.8,99.1,101.2,,
E06000017,Rutland,25.2,25.2,35.3,35.1,35.1,37.6,42.6,42.0,46.9,54.4,54.4,54.4,54.4,50.7,45.9,43.5,48.3,45.9,55.6,80.2,82.6,92.3,87.5,94.8,94.8,106.2,123.1,,
E06000062,West Northamptonshire (from April 2021),[x],[x],[x],[x],[x],[x],[x],17.0,20.2,22.9,26.3,26.6,38.6,18.8,41.5,37.5,46.9,55.8,60.7,68.8,78.6,80.9,85.3,87.2,87.4,88.4,98.5,,
E10000007,Derbyshire,9.9,12.7,14.2,15.4,17.2,18.6,21.1,22.8,27.0,29.7,30.8,33.9,34.6,35.9,36.0,40.8,42.3,45.3,47.6,54.9,61.9,68.3,66.1,69.1,75.1,76.0,77.7,,
E07000032,Amber Valley,4.7,5.5,7.9,7.8,9.4,8.6,8.6,11.6,11.6,17.9,17.9,17.1,17.1,21.3,22.9,31.6,31.6,30.8,35.6,43.3,46.5,52.8,47.3,48.8,53.6,52.1,44.5,,
E07000033,Bolsover,12.6,17.6,18.9,18.6,18.6,18.6,36.0,43.0,48.0,50.4,55.3,50.4,55.3,55.9,55.9,59.6,59.6,58.4,55.9,88.3,89.5,127.5,92.0,105.5,120.2,144.4,128.9,,
E07000034,Chesterfield,19.1,27.7,27.7,29.6,27.6,27.6,29.6,29.5,52.4,56.2,59.1,58.1,61.0,60.8,61.7,65.6,65.6,79.1,77.2,77.8,108.5,98.0,107.6,104.7,112.4,110.3,128.2,,
E07000035,Derbyshire Dales,23.6,25.0,27.8,37.3,47.0,45.6,47.0,49.7,49.7,51.1,52.5,64.9,62.1,62.8,64.2,71.1,80.9,83.7,89.3,93.4,96.2,107.3,112.9,121.3,126.8,129.6,136.6,,
E07000036,Erewash,6.9,7.8,11.3,11.3,13.9,15.6,17.3,17.3,18.2,18.2,18.2,26.0,26.0,25.7,20.3,19.5,19.5,22.1,27.4,31.8,33.6,41.6,45.1,45.1,50.4,41.1,38.5,,
E07000037,High Peak,6.5,7.6,8.7,10.8,15.1,25.9,25.9,27.0,27.0,28.1,29.1,31.3,32.4,29.6,30.7,42.8,48.3,47.2,52.7,57.1,63.7,63.7,62.6,70.2,77.9,73.9,83.7,,
E07000038,North East Derbyshire,4.9,8.9,8.9,8.9,8.9,9.9,9.9,9.8,9.8,10.8,10.8,17.6,16.6,16.6,17.6,17.6,19.5,21.5,21.5,21.2,22.2,21.2,20.2,20.2,19.3,26.3,27.2,,
E07000039,South Derbyshire,6.7,7.7,8.6,8.4,8.4,8.4,9.3,11.0,15.5,20.1,20.1,23.7,23.7,30.5,31.5,36.1,34.2,39.8,40.7,50.4,57.6,64.8,66.6,67.5,72.9,70.6,75.7,,
E10000018,Leicestershire,15.0,16.0,17.9,18.7,19.8,20.5,22.8,28.6,31.4,33.4,33.5,32.7,37.6,40.1,41.1,42.2,46.5,52.1,59.9,64.4,69.9,71.6,73.5,80.5,81.4,76.3,79.9,,
E07000129,Blaby,22.9,22.9,22.9,20.7,21.7,25.6,25.6,33.3,47.1,49.0,45.1,45.1,51.0,55.2,55.2,62.9,64.9,72.6,91.0,93.1,98.9,97.9,91.2,111.3,114.2,132.2,132.2,,
E07000130,Charnwood,13.1,13.7,14.2,18.3,17.8,17.8,19.9,21.8,20.7,22.3,23.4,20.7,20.7,23.5,23.0,18.6,25.7,35.0,39.4,44.4,52.0,58.5,69.8,76.3,72.5,57.3,60.0,,
E07000131,Harborough,18.4,24.9,30.3,30.9,34.1,34.1,34.1,33.5,38.7,38.7,38.7,37.7,52.3,52.9,64.1,70.2,78.3,84.4,89.5,90.6,101.5,94.5,87.6,92.6,101.5,74.5,82.1,,
E07000132,Hinckley and Bosworth,17.8,17.8,19.6,19.4,22.1,22.1,23.0,35.2,37.0,37.0,37.0,37.8,37.8,44.9,40.5,39.6,41.4,44.9,58.9,76.1,76.1,73.5,70.9,65.6,63.9,65.1,61.7,,
E07000133,Melton,7.8,7.8,13.7,13.7,13.7,15.6,15.6,15.6,15.6,19.5,19.5,17.5,17.5,15.5,15.5,17.4,21.2,21.2,23.2,22.9,28.6,30.5,24.8,26.7,26.7,35.2,37.0,,
E07000134,North West Leicestershire,15.7,15.7,15.7,15.4,15.4,15.4,21.2,22.9,23.9,30.5,33.4,33.4,33.4,33.3,33.3,35.2,38.1,42.9,49.5,50.2,54.8,62.2,73.4,89.2,92.0,84.0,101.9,,
E07000135,Oadby and Wigston,1.8,1.8,5.3,5.3,8.8,8.8,17.5,43.6,43.6,43.6,43.6,43.6,69.8,69.3,72.7,72.7,72.7,72.7,72.7,72.0,73.7,77.1,78.8,78.8,80.6,82.7,77.8,,
E10000019,Lincolnshire,15.3,18.5,20.0,21.0,24.0,26.0,27.8,27.3,32.5,33.0,33.5,35.5,36.8,36.5,39.0,39.2,42.5,47.0,55.0,62.9,65.1,68.2,67.8,72.5,72.5,75.2,86.0,,
E07000136,Boston,8.6,14.4,14.4,14.3,39.9,42.8,55.6,55.1,63.5,66.3,67.8,66.3,69.2,49.4,53.7,53.7,53.7,55.1,55.1,52.3,60.7,62.1,66.4,84.7,80.5,81.6,83.0,,
E07000137,East Lindsey,23.4,25.6,29.1,32.5,33.2,33.2,33.2,33.8,36.6,39.4,38.0,42.9,43.7,43.4,44.1,44.8,46.2,49.7,56.7,60.2,62.3,65.8,69.9,79.6,90.7,88.9,99.9,,
E07000138,Lincoln,30.3,34.3,36.3,37.3,37.3,49.3,49.3,60.0,64.0,62.0,62.0,71.0,68.0,70.4,72.3,62.5,72.3,81.1,109.4,135.6,143.4,152.1,139.5,139.5,132.6,129.4,153.2,,
E07000139,North Kesteven,7.8,9.5,11.2,11.1,11.1,10.3,10.3,11.8,13.5,12.7,12.7,11.8,11.8,12.7,14.3,13.5,14.3,19.4,23.6,30.9,27.6,28.4,28.4,34.2,36.8,47.4,50.6,,
E07000140,South Holland,6.4,10.6,10.6,10.5,10.5,10.5,12.6,11.5,12.5,12.5,12.5,11.5,17.7,23.0,34.6,36.7,36.7,38.7,44.0,43.3,43.3,44.3,50.5,45.4,42.3,40.3,53.4,,
E07000141,South Kesteven,14.1,19.7,19.7,21.8,24.6,26.0,26.0,14.7,30.0,30.7,31.4,32.8,32.8,34.1,34.8,42.4,48.0,51.5,55.6,72.8,75.6,79.7,79.0,81.1,74.2,81.5,96.5,,
E07000142,West Lindsey,12.6,11.6,13.7,13.6,13.6,13.6,16.7,16.6,17.7,17.7,21.8,21.8,26.0,27.2,26.2,25.1,29.3,36.6,42.9,42.3,42.3,43.4,39.2,43.4,47.5,53.4,57.5,,
E10000021,Northamptonshire (abolished April 2021),13.2,13.9,15.2,15.5,17.7,17.4,19.4,[x],[x],[x],[x],[x],[x],[x],[x],[x],[x],[x],[x],[x],[x],[x],[x],[x],[x],[x],[x],,
E07000150,Corby (abolished April 2021),36.7,36.7,42.4,45.7,48.5,45.7,45.7,[x],[x],[x],[x],[x],[x],[x],[x],[x],[x],[x],[x],[x],[x],[x],[x],[x],[x],[x],[x],,
E07000151,Daventry (abolished April 2021),22.5,22.5,24.9,24.4,24.4,19.8,22.1,[x],[x],[x],[x],[x],[x],[x],[x],[x],[x],[x],[x],[x],[x],[x],[x],[x],[x],[x],[x],,
E07000152,East Northamptonshire (abolished April 2021),18.1,18.1,19.2,19.0,20.1,20.1,21.2,[x],[x],[x],[x],[x],[x],[x],[x],[x],[x],[x],[x],[x],[x],[x],[x],[x],[x],[x],[x],,
E07000153,Kettering (abolished April 2021),5.9,6.9,6.9,6.9,11.8,15.7,20.6,[x],[x],[x],[x],[x],[x],[x],[x],[x],[x],[x],[x],[x],[x],[x],[x],[x],[x],[x],[x],,
E07000154,Northampton (abolished April 2021),6.7,7.1,7.6,7.6,7.6,7.6,7.6,[x],[x],[x],[x],[x],[x],[x],[x],[x],[x],[x],[x],[x],[x],[x],[x],[x],[x],[x],[x],,
E07000155,South Northamptonshire (abolished April 2021),14.1,17.3,17.3,16.9,24.3,24.3,27.5,[x],[x],[x],[x],[x],[x],[x],[x],[x],[x],[x],[x],[x],[x],[x],[x],[x],[x],[x],[x],,
E07000156,Wellingborough (abolished April 2021),3.8,3.8,6.3,6.3,7.5,7.5,12.5,[x],[x],[x],[x],[x],[x],[x],[x],[x],[x],[x],[x],[x],[x],[x],[x],[x],[x],[x],[x],,
E10000024,Nottinghamshire,13.0,17.0,18.2,19.2,19.2,21.4,22.6,26.8,28.1,31.1,33.2,35.0,36.4,38.2,39.8,45.0,47.7,52.4,59.5,60.6,73.4,76.8,76.8,80.1,79.1,77.2,79.8,,
E07000170,Ashfield,6.3,14.2,13.4,14.1,14.1,14.1,16.4,16.4,17.9,17.9,22.6,24.2,23.4,39.6,32.4,33.2,34.0,38.0,50.6,35.4,69.2,51.1,55.8,62.9,48.0,50.2,59.4,,
E07000171,Bassetlaw,12.0,17.1,21.4,21.3,20.4,26.4,26.4,26.2,32.1,33.8,34.7,37.2,48.2,43.1,43.1,47.3,50.7,66.8,74.4,83.3,76.7,98.3,110.8,115.8,115.0,105.7,103.3,,
E07000172,Broxtowe,23.8,23.8,24.7,24.6,24.6,26.3,26.3,29.7,29.7,29.7,34.9,35.8,35.8,37.0,37.0,35.2,37.0,46.0,50.5,51.7,53.5,57.1,57.1,66.9,71.4,71.6,71.6,,
E07000173,Gedling,11.9,14.4,15.3,15.3,15.3,17.0,17.0,27.1,27.9,36.4,36.4,38.9,37.2,38.4,42.6,47.7,53.7,53.7,55.4,63.7,73.0,78.1,70.5,63.7,56.1,56.6,61.6,,
E07000174,Mansfield,9.2,15.6,13.8,14.6,16.5,22.9,24.7,24.7,24.7,25.6,25.6,27.4,27.4,26.2,31.6,36.2,35.3,35.3,37.1,44.1,44.1,50.4,50.4,50.4,51.3,46.8,47.7,,
E07000175,Newark and Sherwood,15.6,21.4,25.5,28.6,27.8,27.8,27.8,29.2,29.2,31.7,32.5,33.3,30.9,31.6,40.5,55.1,56.7,56.7,69.7,69.6,111.9,120.7,112.7,124.7,134.3,131.4,129.8,,
E07000176,Rushcliffe,12.7,12.7,13.6,15.9,15.9,15.9,20.1,34.6,35.4,42.8,46.1,48.6,51.9,51.1,51.1,59.4,65.3,69.5,77.0,75.7,80.6,78.1,76.5,72.4,74.0,74.2,80.5,,
E12000005,West Midlands,13.8,15.1,16.7,17.4,19.2,20.5,22.2,26.7,28.9,31.0,33.9,36.2,42.2,47.4,53.0,58.9,64.7,69.1,81.1,91.7,101.3,107.7,115.5,127.2,127.2,126.1,129.7,,
E06000019,"Herefordshire, County of",24.5,27.6,29.2,29.0,31.1,32.7,32.7,33.1,34.6,35.1,36.7,38.2,38.7,40.0,45.9,44.8,44.3,50.1,53.9,55.1,60.4,63.1,62.0,73.7,81.1,80.6,82.7,,
E06000051,Shropshire,11.9,14.1,15.9,17.0,17.0,17.9,18.3,19.1,21.5,22.4,32.9,36.6,38.1,45.3,45.6,49.9,60.1,63.7,89.0,131.7,117.4,115.5,126.8,134.8,136.3,136.3,139.6,,
E06000021,Stoke-on-Trent,9.4,8.2,10.9,11.3,12.9,14.0,14.8,14.8,14.4,14.4,14.4,16.4,19.1,17.8,19.8,23.3,25.6,30.2,31.4,44.2,49.6,33.1,48.5,61.2,60.8,62.5,68.8,,
E06000020,Telford and Wrekin,7.3,9.6,12.9,13.3,13.3,13.9,14.5,16.5,16.5,17.1,18.2,17.6,20.4,19.9,20.4,22.1,25.3,31.7,40.4,41.3,43.9,43.4,41.3,43.4,58.8,68.9,78.1,,
E10000028,Staffordshire,12.0,12.9,13.8,14.1,18.3,20.1,21.4,22.2,24.0,27.1,29.9,31.6,34.0,34.6,38.3,41.7,43.3,48.8,53.1,53.6,60.5,67.1,73.0,77.1,77.6,80.3,84.8,,
E07000192,Cannock Chase,9.0,11.0,13.0,12.9,12.9,15.9,18.9,23.6,23.6,25.6,29.6,31.5,36.5,36.8,41.8,42.7,43.7,44.7,45.7,44.5,53.4,60.3,70.2,77.1,79.1,76.9,85.5,,
E07000193,East Staffordshire,10.1,11.8,12.7,12.5,14.2,15.9,16.7,17.4,16.5,26.5,33.1,37.2,38.0,40.2,39.4,50.6,58.6,57.0,71.5,67.6,81.1,74.7,68.4,98.6,92.2,92.6,101.8,,
E07000194,Lichfield,11.5,13.5,14.4,14.3,14.3,14.3,16.2,15.1,16.1,16.1,18.0,18.9,19.9,19.6,22.4,21.5,29.9,31.8,35.5,35.1,32.3,41.5,41.5,42.5,44.3,44.7,44.7,,
E07000195,Newcastle-under-Lyme,19.3,19.3,19.3,19.3,20.1,29.4,30.1,30.9,31.6,35.5,35.5,36.3,36.3,39.8,42.3,43.9,43.9,50.4,53.6,49.5,60.7,92.6,120.5,114.1,114.1,108.8,108.0,,
E07000196,South Staffordshire,9.8,10.7,13.4,14.2,40.9,40.9,43.6,40.9,42.7,46.3,48.1,47.2,48.1,48.7,52.3,52.3,51.4,67.7,72.2,71.7,93.3,76.2,80.7,83.4,86.1,89.1,90.0,,
E07000197,Stafford,19.1,19.1,18.4,19.7,20.4,19.7,20.4,21.0,30.5,31.2,33.4,39.9,51.5,51.7,61.9,67.8,64.1,78.0,81.6,85.1,85.8,88.0,88.7,84.4,80.8,93.2,104.6,,
E07000198,Staffordshire Moorlands,7.1,8.1,8.1,8.1,9.1,9.1,9.1,9.1,9.1,11.2,14.2,12.2,9.1,9.4,10.4,12.5,12.5,14.6,14.6,26.1,26.1,38.6,52.1,52.1,57.4,73.5,77.6,,
E07000199,Tamworth,3.9,3.9,6.5,6.5,9.1,9.1,9.1,14.3,14.3,15.6,19.5,19.5,19.5,16.5,20.3,25.4,25.4,25.4,26.6,27.6,26.4,43.9,38.9,40.2,47.7,41.9,41.9,,
E10000031,Warwickshire,17.7,20.3,22.9,24.2,24.6,26.5,32.2,38.2,43.2,47.6,51.6,53.1,58.6,57.4,60.3,63.9,66.9,72.9,79.9,85.1,96.4,102.2,106.0,122.0,116.2,111.2,110.6,,
E07000218,North Warwickshire,12.3,15.4,18.5,18.4,18.4,19.9,42.9,42.8,50.4,59.6,61.1,61.1,61.1,61.2,71.9,70.4,75.0,64.3,85.7,84.9,97.0,122.8,171.4,174.4,169.8,162.4,84.9,,
E07000219,Nuneaton and Bedworth,7.0,10.1,10.1,10.0,10.0,12.3,15.4,15.3,16.1,20.7,22.2,24.5,26.1,23.1,22.3,26.1,23.8,24.6,23.1,22.9,27.3,35.4,36.9,38.4,37.6,38.9,40.3,,
E07000220,Rugby,2.8,3.7,14.0,13.8,16.5,19.3,19.3,40.7,47.9,52.4,55.1,53.3,66.0,68.8,68.8,74.0,79.2,83.6,97.5,104.8,118.5,122.8,135.7,149.4,120.2,107.9,114.4,,
E07000221,Stratford-on-Avon,40.8,44.7,45.5,46.1,45.4,47.7,54.6,58.2,58.2,62.7,68.7,68.7,79.3,77.2,83.1,83.1,90.5,114.7,124.3,132.1,129.9,131.3,113.3,142.2,141.4,134.0,144.3,,
E07000222,Warwick,20.4,22.5,23.2,27.8,27.8,28.5,32.0,36.6,46.9,49.0,55.2,60.7,62.1,59.8,61.9,69.9,71.3,74.0,74.6,82.7,110.5,110.5,109.8,134.3,136.9,136.2,151.1,,
E11000005,West Midlands (Metropolitan County),13.4,14.5,15.6,16.3,18.6,19.8,21.6,28.5,30.7,32.6,35.3,38.3,47.6,57.8,66.5,74.8,83.5,86.9,102.5,116.4,131.1,137.7,148.6,163.1,162.9,160.4,164.3,,
E08000025,Birmingham,7.9,8.3,8.7,9.0,9.4,10.7,11.4,11.7,13.5,17.0,21.7,28.6,34.1,37.5,39.9,41.3,43.6,45.6,48.1,50.4,53.9,80.8,93.5,109.2,108.4,107.5,110.2,,
E08000026,Coventry,42.5,46.3,50.2,54.6,68.9,70.0,79.7,120.2,126.8,127.8,131.5,132.3,183.2,263.0,318.1,356.2,383.9,391.2,499.0,586.1,683.1,638.9,694.9,725.0,715.4,671.5,674.7,,
E08000027,Dudley,9.4,10.0,10.6,10.6,10.6,10.6,10.9,11.5,11.8,11.8,13.0,13.6,15.5,30.3,36.2,61.2,47.0,51.6,56.2,55.1,56.3,61.5,67.1,75.1,75.7,85.0,89.2,,
E08000028,Sandwell,7.0,8.9,8.9,8.8,8.5,9.1,10.0,10.9,11.2,12.5,12.5,13.7,14.0,13.8,14.3,14.0,14.0,19.9,23.4,27.3,33.1,40.4,31.7,39.2,40.1,42.4,46.6,,
E08000029,Solihull,24.7,26.1,30.7,30.5,32.8,37.9,36.5,53.3,54.7,56.6,58.4,61.6,64.8,58.6,62.3,67.4,147.7,151.8,157.8,157.6,163.5,162.6,164.5,192.5,199.4,209.7,210.2,,
E08000030,Walsall,4.9,5.6,6.4,6.3,6.7,7.0,7.7,7.3,8.4,8.4,9.4,9.1,9.4,10.6,11.6,13.7,14.1,14.4,14.4,25.5,26.6,29.4,24.8,32.2,36.0,39.9,45.7,,
E08000031,Wolverhampton,9.2,9.5,9.5,9.5,11.0,11.8,14.0,14.7,19.3,19.7,20.4,18.9,19.7,19.3,21.2,20.8,22.0,24.6,30.3,31.0,33.6,31.0,30.3,31.8,34.8,37.7,47.6,,
E10000034,Worcestershire,16.4,17.4,20.1,20.8,20.5,20.8,21.3,23.2,25.2,27.6,28.3,28.9,31.6,30.9,32.9,37.9,40.8,46.3,58.2,59.3,65.2,88.0,88.0,97.8,96.2,94.6,98.0,,
E07000234,Bromsgrove,31.4,32.4,32.4,32.0,32.0,33.0,33.0,41.8,41.8,45.7,49.7,50.7,56.7,53.3,51.3,53.3,55.3,71.4,98.5,99.9,118.9,125.9,127.9,128.9,134.9,129.8,129.8,,
E07000235,Malvern Hills,15.4,15.4,15.4,15.2,15.2,15.2,15.2,12.6,12.6,12.6,12.6,13.8,15.1,20.0,28.8,32.5,42.5,40.0,43.8,44.4,33.3,62.9,71.6,77.8,85.2,92.5,98.5,,
E07000236,Redditch,8.2,9.4,9.4,9.4,10.6,10.6,12.9,12.9,14.0,14.0,14.0,17.5,22.2,23.0,24.1,24.1,24.1,23.0,27.6,28.7,31.0,28.7,34.4,73.5,33.3,36.4,45.5,,
E07000237,Worcester,17.7,18.6,18.6,18.8,19.8,19.8,19.8,19.9,28.9,29.9,29.9,26.9,28.9,27.0,29.0,33.8,36.7,50.2,57.9,71.1,68.2,152.7,145.0,150.8,159.4,148.1,163.1,,
E07000238,Wychavon,16.5,18.8,31.4,34.8,31.7,32.4,32.4,31.3,32.8,36.6,36.6,37.4,39.7,36.8,36.8,48.8,48.8,54.1,72.1,61.7,82.5,100.3,95.1,101.1,103.3,101.4,98.5,,
E07000239,Wyre Forest,7.9,7.9,7.9,7.9,7.9,7.9,8.9,14.8,14.8,18.8,18.8,19.8,19.8,20.6,24.6,28.5,33.4,32.4,38.3,42.0,41.0,39.1,40.1,45.9,46.9,47.2,43.3,,
E12000006,East of England,14.7,15.5,17.2,17.9,19.7,20.7,22.4,25.0,26.6,28.5,30.1,33.2,36.2,37.5,39.3,49.6,52.0,56.2,64.1,69.9,80.1,87.0,91.1,97.7,100.0,97.8,107.8,,
E06000055,Bedford,19.2,19.8,21.0,21.9,27.7,28.9,36.4,49.8,58.4,60.1,63.0,57.2,65.8,59.2,54.9,61.9,70.5,85.6,100.1,104.6,114.2,98.2,95.0,107.8,107.8,100.0,101.0,,
E06000056,Central Bedfordshire,13.4,13.0,13.4,13.2,13.2,13.5,14.2,15.3,15.6,18.4,18.7,18.4,20.4,19.3,30.5,43.3,42.3,44.7,56.5,72.0,99.2,107.5,115.4,118.7,129.0,126.0,129.5,,
E06000032,Luton,24.8,25.2,26.2,25.8,27.7,26.8,25.8,23.4,24.4,25.3,25.3,21.1,22.9,21.8,21.3,27.6,22.2,32.0,33.8,37.9,40.5,44.5,47.6,55.5,52.9,45.6,45.6,,
E06000031,Peterborough,20.9,21.4,25.4,28.2,26.7,29.2,30.7,32.6,32.6,34.5,34.5,34.1,33.6,33.7,34.7,37.4,38.8,41.6,55.5,60.6,57.0,66.1,71.2,76.2,74.0,72.4,101.9,,
E06000033,Southend-on-Sea,7.1,7.7,7.7,7.6,7.6,8.2,8.7,8.8,8.8,9.8,10.4,10.4,14.8,15.0,15.5,19.4,18.8,18.8,20.5,20.5,30.4,24.9,26.5,26.5,24.9,24.3,29.1,,
E06000034,Thurrock,8.7,8.7,10.4,10.3,10.3,10.3,10.9,10.3,10.8,10.3,23.9,30.8,30.2,31.8,31.8,34.7,35.2,46.0,46.6,49.2,80.8,93.9,89.3,93.3,95.6,96.1,93.4,,
E10000003,Cambridgeshire,14.6,15.2,15.2,16.1,18.1,17.9,20.0,25.7,26.2,28.9,29.5,29.5,37.6,36.9,38.4,51.6,54.2,55.6,66.9,76.9,85.0,109.6,105.8,119.7,124.2,120.2,135.2,,
E07000008,Cambridge,22.3,22.3,25.4,25.6,25.6,25.6,27.2,40.8,44.8,44.8,47.2,46.4,60.8,56.7,62.2,80.2,96.1,100.9,129.2,153.7,163.3,261.9,237.4,232.7,227.2,224.3,234.3,,
E07000009,East Cambridgeshire,9.0,12.3,12.3,12.2,16.7,17.8,17.8,22.2,22.2,20.0,24.4,24.4,24.4,25.0,25.0,47.6,46.5,47.6,52.2,58.2,54.8,60.4,70.5,83.9,75.0,74.3,76.4,,
E07000010,Fenland,3.0,3.0,1.0,1.0,2.0,3.9,3.9,4.9,4.9,4.9,4.9,5.9,4.9,5.8,5.8,9.7,10.7,10.7,14.6,13.6,18.4,19.4,20.4,17.5,24.3,21.9,34.3,,
E07000011,Huntingdonshire,9.0,9.0,7.9,10.7,12.4,12.4,18.5,27.4,25.7,28.5,29.6,28.5,32.4,31.9,30.8,41.8,41.8,42.4,49.5,62.5,65.7,65.7,65.2,92.9,95.6,87.6,109.1,,
E07000012,South Cambridgeshire,25.4,26.0,26.0,26.4,29.5,27.0,27.7,27.3,28.0,37.3,34.2,35.4,53.4,50.9,53.4,65.6,62.6,62.6,71.8,74.3,94.8,105.7,106.3,132.2,153.4,150.7,171.0,,
E10000012,Essex,9.3,10.7,13.1,13.4,15.0,17.5,18.5,20.4,22.0,23.4,24.2,24.1,26.4,27.7,28.3,32.3,33.5,37.5,40.9,42.8,47.1,49.0,48.0,51.5,52.1,52.8,58.1,,
E07000066,Basildon,16.1,15.1,22.1,21.9,25.1,25.6,28.8,28.3,30.9,31.5,31.5,31.5,33.6,34.1,34.1,35.2,35.2,41.6,38.9,38.1,42.9,39.7,34.9,32.3,28.6,27.9,33.1,,
E07000067,Braintree,5.9,9.2,12.5,13.1,13.8,29.5,29.5,39.8,46.4,48.3,49.6,49.0,51.6,53.3,52.7,55.2,58.4,62.9,64.9,64.7,81.2,76.1,67.2,67.2,67.9,65.7,67.6,,
E07000068,Brentwood,1.3,1.3,2.6,3.9,3.9,3.9,6.5,9.1,9.1,9.1,5.2,3.9,3.9,9.1,9.1,25.9,25.9,24.6,35.0,47.8,49.1,50.4,46.6,51.7,63.4,54.2,56.7,,
E07000069,Castle Point,1.1,1.1,1.1,1.1,2.2,2.2,3.3,3.3,3.3,3.3,3.3,3.3,3.3,3.3,3.3,3.3,3.3,3.3,3.3,3.3,3.3,10.0,16.7,21.2,21.2,21.0,21.0,,
E07000070,Chelmsford,11.3,12.4,14.1,14.0,15.1,19.1,20.2,20.6,20.6,22.3,23.4,23.9,21.7,24.8,24.2,29.2,29.7,28.6,33.6,32.2,38.2,43.1,45.3,47.5,50.7,57.7,67.3,,
E07000071,Colchester,12.5,13.5,15.1,14.9,21.1,21.1,21.6,22.8,22.8,24.8,26.4,25.4,31.9,33.3,32.2,37.4,39.0,46.3,50.4,52.5,49.9,52.5,52.0,50.4,54.5,53.9,64.4,,
E07000072,Epping Forest,13.7,22.1,22.1,24.3,25.8,25.8,26.6,26.5,26.5,26.5,25.7,27.2,21.9,23.0,28.9,31.1,33.4,34.1,54.9,57.0,55.6,58.5,65.2,83.7,74.1,73.5,85.1,,
E07000073,Harlow,3.5,3.5,4.6,4.6,4.6,9.2,9.2,9.2,13.7,13.7,13.7,11.5,14.9,13.9,19.3,24.6,27.8,33.2,31.1,41.3,42.4,51.9,41.3,41.3,41.3,34.6,42.8,,
E07000074,Maldon,4.7,4.7,4.7,7.7,7.7,7.7,7.7,13.8,13.8,16.8,18.3,18.3,18.3,21.0,21.0,31.5,27.0,30.0,37.5,41.4,41.4,32.6,35.5,34.0,37.0,41.9,40.5,,
E07000075,Rochford,2.3,4.6,13.8,13.7,13.7,14.9,17.2,17.1,17.1,19.4,19.4,21.7,24.0,26.7,27.8,27.8,31.3,47.6,44.1,39.0,44.7,41.3,36.7,37.8,37.8,43.4,46.8,,
E07000076,Tendring,8.9,8.9,9.6,8.9,8.9,8.9,8.9,9.5,10.9,10.9,13.6,13.6,25.1,24.2,24.8,24.2,24.2,24.8,24.8,27.7,25.1,33.0,35.7,46.9,52.8,55.5,54.9,,
E07000077,Uttlesford,15.7,15.7,16.8,16.4,16.4,15.3,15.3,19.4,23.7,30.2,34.5,33.4,36.7,37.0,35.9,43.5,46.8,55.5,55.5,59.4,84.3,90.7,91.8,99.4,94.0,99.9,104.1,,
E10000015,Hertfordshire,15.4,16.2,18.7,19.3,23.0,23.8,23.9,26.1,27.0,29.1,30.7,39.9,42.2,44.6,44.2,66.5,70.5,72.7,90.0,100.2,116.1,125.7,135.8,140.4,148.6,139.3,150.1,,
E07000095,Broxbourne,6.2,6.2,7.2,6.2,7.2,7.2,7.2,10.2,18.4,32.8,32.8,30.7,38.9,43.4,45.4,51.4,52.5,49.4,49.4,54.5,68.6,62.6,79.7,86.8,88.8,91.3,96.2,,
E07000096,Dacorum,8.4,9.1,10.4,10.3,13.6,14.2,14.2,14.8,14.8,14.2,13.5,11.6,12.2,11.6,11.6,16.1,16.1,27.1,39.3,37.8,77.5,96.1,116.6,128.1,109.5,102.8,122.7,,
E07000242,East Hertfordshire,8.8,8.8,10.1,10.0,10.0,10.0,9.3,11.2,11.2,11.2,11.2,46.8,48.1,48.4,48.4,59.1,59.1,61.7,81.0,69.9,72.5,77.2,89.0,94.3,98.9,93.7,95.6,,
E07000098,Hertsmere,18.2,20.2,23.0,23.8,24.8,24.8,24.8,26.5,26.5,30.3,32.2,37.9,39.8,41.6,41.6,38.9,38.9,56.4,63.8,66.6,89.7,118.4,121.2,129.5,129.5,165.1,163.3,,
E07000099,North Hertfordshire,11.3,12.0,12.0,13.5,16.5,17.2,17.2,21.7,21.7,21.0,23.2,27.0,27.0,25.5,27.7,35.9,32.2,32.9,41.2,41.7,41.0,43.2,42.5,44.7,64.9,62.0,77.3,,
E07000240,St Albans,17.0,17.0,17.6,20.9,21.6,21.6,21.6,26.8,26.8,26.8,29.5,32.1,35.5,33.6,33.6,36.3,39.7,40.4,43.7,47.9,53.2,49.2,58.0,61.3,59.3,57.6,65.6,,
E07000243,Stevenage,6.8,6.8,6.8,6.8,10.2,12.5,12.5,12.5,10.2,17.0,18.2,17.0,21.6,23.5,21.3,61.6,63.8,66.1,70.5,98.1,104.8,139.3,134.8,149.3,118.1,115.5,118.8,,
E07000102,Three Rivers,45.1,48.4,60.2,61.1,63.2,62.1,62.1,62.8,62.8,66.0,63.9,64.9,45.8,46.8,45.8,49.0,49.0,54.3,56.4,56.3,56.3,89.2,92.4,102.0,115.8,114.8,120.0,,
E07000103,Watford,31.0,31.0,38.2,39.3,39.3,45.6,46.6,46.6,48.6,48.6,56.9,55.9,71.4,60.5,59.5,204.0,246.0,220.6,330.9,380.5,439.7,481.4,488.2,440.6,525.1,410.6,426.4,,
E07000241,Welwyn Hatfield,10.6,13.0,14.7,14.6,36.6,36.6,37.4,40.4,42.8,42.8,46.0,83.9,90.4,122.1,117.1,149.7,152.3,157.3,171.5,213.0,222.9,183.8,212.1,238.7,257.9,249.1,279.3,,
E10000020,Norfolk,17.5,18.7,19.7,19.6,21.3,21.8,26.5,30.7,32.6,35.0,37.3,43.4,45.8,48.1,50.4,64.8,64.7,70.8,72.3,71.4,77.8,83.4,87.4,100.1,103.9,114.0,121.0,,
E07000143,Breckland,10.8,11.5,11.5,11.4,12.9,12.9,20.0,23.4,29.0,35.4,37.5,38.2,39.6,39.4,43.6,45.7,49.9,66.1,66.1,64.8,70.4,71.8,72.5,76.7,74.6,73.0,78.4,,
E07000144,Broadland,9.3,10.0,10.0,9.9,13.0,11.5,13.8,14.4,15.2,15.2,16.7,46.2,47.0,48.4,49.2,57.5,61.2,61.2,61.2,64.2,70.2,71.0,76.9,82.2,82.9,83.2,94.8,,
E07000145,Great Yarmouth,14.1,17.1,17.1,17.1,20.1,20.1,20.1,32.3,32.3,34.3,34.3,37.3,38.3,47.9,48.9,55.9,61.9,64.9,73.9,76.1,96.1,83.1,81.1,84.1,101.1,107.4,141.3,,
E07000146,King's Lynn and West Norfolk,18.4,19.8,19.8,19.8,22.5,24.4,31.0,35.0,35.0,36.4,41.0,38.3,39.0,37.4,38.7,57.5,55.5,63.9,76.2,73.2,80.3,80.3,88.6,97.6,95.7,114.0,114.6,,
E07000147,North Norfolk,23.0,23.9,29.7,29.6,37.2,39.1,50.6,55.2,62.8,65.6,63.7,69.4,70.4,88.1,95.9,96.8,95.9,97.8,94.9,95.9,97.8,105.6,114.3,125.0,137.6,175.4,185.0,,
E07000148,Norwich,32.6,32.6,34.0,34.1,29.9,31.3,30.6,36.6,36.6,36.6,40.8,47.1,59.8,58.7,58.7,83.1,76.9,80.4,79.0,75.4,79.6,94.1,90.6,128.7,129.4,125.7,125.0,,
E07000149,South Norfolk,13.8,15.9,16.7,16.3,16.3,16.3,22.7,23.8,23.8,28.0,31.5,32.9,31.5,28.8,30.9,63.1,59.6,66.7,60.3,58.1,60.9,83.7,92.7,107.2,113.4,133.4,132.0,,
E10000029,Suffolk,18.7,19.5,21.6,24.4,24.8,25.3,27.2,28.9,31.9,34.3,35.7,41.1,43.5,47.4,54.1,56.9,65.8,70.1,76.6,86.9,101.0,106.3,121.1,124.9,119.1,110.9,134.8,,
E07000200,Babergh,14.2,16.4,17.5,17.4,17.4,20.6,20.6,20.5,24.8,31.3,32.4,34.5,47.4,47.5,59.3,56.1,74.4,76.6,82.0,103.9,144.3,135.8,154.9,163.3,142.1,128.8,138.1,,
E07000244,East Suffolk,13.3,14.5,18.9,18.8,19.6,17.6,20.0,20.4,24.8,26.8,29.6,32.8,34.3,37.3,42.9,44.2,46.2,52.3,57.5,61.9,67.6,75.3,83.0,89.8,85.4,87.3,101.7,,
E07000202,Ipswich,34.9,34.9,34.9,35.8,35.8,38.0,38.0,40.4,40.4,39.7,39.0,41.9,39.7,40.1,45.8,51.6,53.7,54.4,80.2,89.8,89.8,97.0,122.1,115.6,120.7,114.1,194.6,,
E07000203,Mid Suffolk,4.9,5.9,8.8,8.7,8.7,11.6,15.4,15.3,17.2,19.1,20.0,26.7,25.7,28.0,30.0,34.8,70.6,67.7,69.6,75.7,97.4,95.5,120.1,140.0,127.7,104.7,120.1,,
E07000245,West Suffolk,24.0,24.0,24.6,36.3,36.9,36.9,39.1,44.6,47.9,51.3,53.0,64.3,67.7,78.0,86.8,91.3,94.6,104.5,101.2,116.3,134.4,146.5,155.3,150.9,146.5,134.2,141.1,,
E12000007,London,48.9,53.6,56.9,57.5,63.1,68.7,80.1,83.2,87.4,101.7,111.3,116.4,122.5,131.0,145.3,152.0,192.8,210.5,221.3,233.6,247.1,250.4,262.6,275.4,300.8,306.9,311.4,,
E13000001,Inner London,68.1,76.5,80.2,80.7,93.4,102.0,124.5,129.5,135.0,146.7,163.3,171.3,182.4,210.3,245.0,243.1,320.8,350.3,364.9,378.7,394.2,398.5,411.1,421.5,481.2,490.1,491.1,,
E09000007,Camden,63.3,66.7,70.9,74.1,129.2,133.7,135.9,127.7,133.4,134.5,132.4,130.9,135.6,171.6,172.5,149.2,159.7,280.4,288.5,293.5,291.2,288.9,289.8,299.0,300.9,360.0,361.8,,
E09000001,City of London,413.5,413.5,413.5,370.3,370.3,360.0,360.0,329.1,329.1,475.4,466.3,521.1,521.1,638.2,661.4,742.6,731.0,1009.5,1021.1,765.2,765.2,774.4,756.0,875.8,875.8,589.0,430.2,,
E09000012,Hackney,45.1,45.4,45.8,45.5,46.2,47.7,48.0,48.4,49.5,70.1,115.7,126.0,140.6,151.9,145.4,145.4,151.2,149.6,166.2,228.7,309.0,414.5,403.8,464.3,544.6,560.8,619.7,,
E09000013,Hammersmith and Fulham,147.8,156.9,162.3,170.7,202.0,208.5,285.2,301.8,316.0,325.8,331.8,350.9,356.3,340.4,330.6,326.8,1372.7,1322.5,1347.6,1437.1,1441.9,1440.3,1443.5,1443.5,1437.1,1406.0,1328.1,,
E09000014,Haringey,19.6,20.0,19.2,19.7,22.0,30.5,31.3,33.4,34.5,35.7,36.0,35.7,34.9,36.7,38.2,39.0,42.4,87.5,94.3,100.8,111.5,116.1,120.7,124.1,121.1,122.8,122.4,,
E09000019,Islington,76.5,85.7,93.7,92.8,93.6,97.3,104.8,107.2,115.3,124.5,141.5,153.6,154.8,179.5,202.5,191.0,211.3,262.0,260.6,258.2,258.7,297.2,305.8,300.4,303.6,319.2,310.3,,
E09000020,Kensington and Chelsea,104.4,177.3,195.9,197.9,197.9,269.0,329.9,348.7,348.7,419.5,415.0,409.9,416.9,522.4,528.0,483.5,557.9,607.9,600.9,619.9,624.0,598.0,613.7,651.4,630.2,634.5,623.5,,
E09000022,Lambeth,54.6,57.4,58.6,58.3,76.7,75.8,75.5,94.2,95.4,96.3,104.7,101.3,104.1,105.8,101.4,102.0,101.4,101.4,139.5,156.6,161.6,194.8,215.0,217.2,210.9,224.0,226.9,,
E09000023,Lewisham,19.1,24.4,26.4,26.8,26.8,38.9,41.5,42.9,43.2,43.2,45.2,52.1,58.6,65.0,76.0,76.4,82.7,81.4,74.4,73.3,76.3,76.7,76.3,77.0,86.4,87.6,96.6,,
E09000025,Newham,23.6,27.0,27.0,27.5,28.9,28.3,34.0,33.8,43.1,59.1,50.7,51.2,58.5,56.5,57.0,57.6,58.8,60.7,68.2,73.6,80.9,71.9,84.5,95.9,100.1,97.5,98.5,,
E09000028,Southwark,48.5,60.2,61.5,62.4,78.1,83.7,102.9,111.6,121.9,136.9,165.3,170.6,213.4,259.8,520.3,563.4,575.1,579.0,585.2,591.2,583.8,599.2,599.8,600.8,594.4,588.3,600.4,,
E09000030,Tower Hamlets,24.6,24.9,24.9,24.3,24.3,24.0,51.4,54.8,57.2,64.5,67.8,70.5,87.4,90.3,106.6,112.1,112.1,117.2,123.3,121.9,118.5,115.4,117.6,116.3,690.9,755.4,756.3,,
E09000032,Wandsworth,126.8,133.5,135.7,134.7,179.3,180.2,180.8,182.9,188.9,192.3,249.9,265.1,264.8,259.5,234.5,220.8,234.8,343.8,420.6,441.0,504.8,447.7,519.4,527.0,520.9,505.8,504.1,,
E09000033,Westminster,190.0,206.4,223.2,220.0,212.8,247.2,390.7,392.4,405.8,425.1,478.8,522.1,553.6,893.3,1070.8,"1,052.2",1262.4,1328.2,1313.1,1276.0,1303.4,1255.2,1279.3,1299.2,1316.7,1335.7,1338.6,,
E13000002,Outer London,36.0,38.0,41.1,41.6,42.4,46.0,49.9,51.5,54.7,70.9,75.7,78.8,81.4,80.8,82.3,94.4,112.0,122.1,130.6,140.8,153.1,155.7,167.7,182.1,185.5,191.8,198.5,,
E09000002,Barking and Dagenham,24.5,24.5,28.3,26.8,26.8,28.2,30.1,29.9,29.9,30.8,30.8,29.9,31.8,31.1,31.6,37.1,37.1,35.2,35.7,38.6,57.3,53.6,73.2,74.1,75.0,75.2,79.5,,
E09000003,Barnet,17.3,34.4,34.9,34.4,35.1,35.1,44.2,49.4,52.6,71.9,74.9,79.9,82.7,90.6,87.2,89.8,98.0,107.0,114.2,115.7,121.3,133.9,129.3,203.5,266.3,257.7,257.0,,
E09000004,Bexley,8.1,8.1,13.8,13.7,13.7,16.1,16.5,16.4,18.1,26.9,27.3,26.5,18.5,18.7,18.3,18.3,26.8,28.8,49.5,73.8,75.0,83.1,86.3,94.4,88.8,166.1,239.0,,
E09000005,Brent,62.6,62.3,63.2,64.0,64.0,70.7,71.6,61.9,72.3,148.0,150.1,152.9,169.3,160.5,185.6,240.2,277.6,309.2,316.9,294.2,325.0,326.8,334.7,341.7,339.1,343.4,343.6,,
E09000006,Bromley,21.7,21.7,22.7,22.9,24.1,24.1,24.4,24.0,25.8,27.0,27.3,26.1,31.3,31.5,33.0,34.3,34.6,36.7,45.2,46.4,64.3,66.8,62.8,63.7,60.7,57.9,57.6,,
E09000008,Croydon,16.1,15.8,22.3,23.0,24.3,24.8,26.6,25.5,25.7,35.8,41.4,60.0,63.6,63.0,62.5,63.0,65.3,68.4,67.1,94.3,98.2,102.7,105.3,111.7,111.9,107.5,112.6,,
E09000009,Ealing,53.5,61.1,61.4,66.4,65.8,72.3,77.8,78.2,82.3,87.9,88.1,87.6,88.7,94.0,92.0,113.1,135.7,170.7,180.0,188.7,189.2,196.2,213.3,226.0,203.0,183.7,184.7,,
E09000010,Enfield,9.9,11.4,11.7,11.7,11.1,16.2,23.1,31.5,37.5,48.9,52.5,58.2,62.7,63.4,63.7,63.7,73.4,71.0,73.4,73.6,74.3,71.5,79.2,86.5,88.3,90.4,87.0,,
E09000011,Greenwich,61.5,61.1,65.7,65.6,79.9,83.4,85.1,83.0,88.9,91.7,92.4,95.8,95.1,93.7,89.9,89.2,89.9,86.1,80.2,84.2,87.3,82.5,78.7,72.5,78.7,76.8,79.1,,
E09000015,Harrow,5.6,6.0,6.0,6.4,6.0,6.4,10.4,19.4,19.4,19.8,19.4,17.8,18.2,23.4,23.8,23.4,24.5,24.9,23.0,24.1,27.9,32.5,30.6,32.2,28.0,79.8,112.7,,
E09000016,Havering,4.3,4.3,5.0,5.0,5.4,7.3,9.6,9.6,11.9,11.9,11.5,11.5,19.2,18.7,22.9,23.7,24.8,23.3,26.7,30.6,34.8,35.5,35.9,43.1,61.2,61.2,68.8,,
E09000017,Hillingdon,62.3,62.0,65.3,64.5,65.5,65.8,60.9,64.4,64.1,65.0,64.1,58.2,60.8,55.1,59.7,63.0,65.3,60.4,62.7,69.2,72.1,73.4,78.9,79.8,72.4,75.3,72.0,,
E09000018,Hounslow,83.8,83.5,95.3,96.5,94.3,96.1,98.0,98.6,103.8,154.2,156.8,158.6,161.2,151.1,149.0,149.0,207.0,170.2,201.4,205.9,189.0,210.3,222.4,221.4,209.3,200.1,198.7,,
E09000021,Kingston upon Thames,15.4,16.0,16.0,16.3,17.5,29.3,29.3,28.5,53.6,99.4,93.2,88.2,89.3,97.7,97.7,100.7,230.0,210.3,209.1,216.9,222.2,243.0,234.1,238.9,235.9,233.9,228.2,,
E09000024,Merton,57.2,58.2,74.2,74.6,76.0,81.3,83.8,95.4,96.4,127.4,127.4,127.4,126.4,120.3,155.1,313.9,385.0,367.4,369.2,372.6,368.9,376.8,401.5,404.7,404.7,413.2,414.1,,
E09000026,Redbridge,15.5,15.1,15.5,15.4,15.4,16.1,16.7,22.6,24.5,31.1,32.1,31.4,34.0,32.3,31.0,32.0,32.0,31.0,31.3,53.7,105.5,111.0,123.2,121.3,119.7,137.6,148.8,,
E09000027,Richmond upon Thames,141.2,144.2,144.2,144.4,137.9,165.1,183.3,180.2,178.7,176.6,216.5,233.2,239.2,228.4,199.8,176.2,195.2,386.7,460.0,515.2,607.0,514.1,634.2,682.9,622.4,618.8,621.3,,
E09000029,Sutton,22.5,23.0,24.0,23.3,23.7,25.2,26.7,26.5,24.6,61.6,76.1,81.4,76.1,75.9,75.9,79.2,82.1,90.7,97.4,99.5,104.7,97.1,99.5,116.6,98.1,89.5,96.0,,
E09000031,Waltham Forest,28.2,30.7,35.8,38.6,40.4,41.5,61.7,66.4,66.1,76.2,110.1,122.4,121.0,119.4,113.3,129.8,146.0,175.1,189.9,248.7,276.6,310.3,365.0,436.4,516.9,569.8,575.9,,
E12000008,South East,21.5,23.5,26.7,27.0,28.9,31.3,33.3,35.3,37.1,39.4,41.6,44.0,49.5,51.7,55.8,60.6,62.9,66.9,77.4,82.3,89.1,96.6,98.7,108.9,113.3,111.4,117.3,,
E06000036,Bracknell Forest,19.7,19.7,23.0,22.8,24.5,26.1,27.7,27.4,29.0,37.0,36.2,35.4,40.3,43.9,46.3,48.7,49.5,63.1,79.9,83.5,84.3,113.5,87.5,96.9,98.5,98.6,88.7,,
E06000043,Brighton and Hove,20.3,20.0,56.1,56.7,78.0,88.7,93.5,113.5,118.3,117.9,119.6,110.7,121.0,144.8,146.9,153.4,156.3,151.3,158.1,163.7,177.7,189.2,185.6,201.8,206.9,204.7,206.8,,
E06000046,Isle of Wight,20.5,22.6,30.4,32.4,32.4,31.7,33.2,35.1,35.8,37.2,37.9,40.1,43.6,52.5,56.1,54.7,67.4,70.3,71.7,66.1,70.3,78.8,86.7,79.5,96.6,98.1,99.5,,
E06000035,Medway,5.4,5.0,5.4,5.7,5.7,5.7,6.5,6.4,6.1,15.8,17.2,17.9,33.7,33.9,37.9,39.0,39.7,40.7,60.4,69.3,70.4,71.5,75.7,75.7,64.0,53.6,55.4,,
E06000042,Milton Keynes,96.1,102.4,105.0,105.8,108.4,121.4,132.9,134.7,137.7,137.3,140.3,126.9,162.1,154.1,165.9,174.9,178.7,176.3,207.8,218.0,229.7,252.6,279.3,300.5,300.8,261.2,260.9,,
E06000044,Portsmouth,27.4,28.8,29.7,30.2,33.0,33.0,34.4,34.5,33.5,42.9,46.6,45.6,47.5,39.2,41.1,38.7,39.2,44.0,54.6,65.7,70.5,72.4,76.8,87.8,122.4,163.3,187.6,,
E06000038,Reading,22.7,20.8,30.6,30.9,31.5,35.2,35.9,36.8,38.7,39.9,59.9,63.0,71.7,64.1,67.0,70.5,78.0,80.3,158.8,168.2,184.8,183.0,181.3,183.6,181.3,169.5,163.5,,
E06000039,Slough,31.5,42.3,42.9,37.4,38.1,44.1,45.5,45.5,45.5,47.5,47.5,46.8,52.1,48.0,47.4,58.8,60.6,47.4,48.0,57.2,70.4,55.9,55.9,75.4,74.1,58.0,58.0,,
E06000045,Southampton,22.9,24.9,26.1,26.1,28.1,28.1,28.5,29.3,34.4,34.4,36.4,36.0,36.0,36.0,36.4,46.9,46.9,45.7,44.5,47.1,30.5,38.4,37.2,47.1,49.9,43.6,44.7,,
E06000037,West Berkshire,49.2,52.4,61.2,61.2,61.8,61.8,64.4,65.6,68.2,73.2,77.6,78.9,83.3,88.3,97.6,91.4,100.7,126.6,151.4,160.3,168.3,183.7,184.9,202.8,201.0,189.0,190.2,,
E06000040,Windsor and Maidenhead,19.2,19.2,20.5,20.5,21.1,21.8,21.8,25.8,26.4,26.4,31.1,38.3,45.0,62.4,66.9,66.9,74.7,78.0,87.1,100.2,100.8,101.5,103.4,100.2,96.3,93.7,126.5,,
E06000041,Wokingham,23.2,29.8,31.0,30.4,31.0,32.7,35.6,36.2,40.2,48.9,50.0,58.6,62.1,62.9,73.0,75.8,76.3,80.3,107.2,106.1,110.0,121.6,119.9,158.6,174.6,165.6,173.1,,
E06000060,Buckinghamshire,19.6,21.3,23.9,24.8,24.8,25.6,27.0,28.5,30.2,32.0,33.1,34.4,38.4,37.8,41.2,48.1,49.5,52.9,57.6,63.2,63.2,65.5,67.8,68.5,72.5,74.6,101.4,,
E10000011,East Sussex,10.6,13.9,15.0,15.1,16.9,17.4,18.1,19.5,20.6,24.3,25.2,26.7,28.3,29.8,30.2,31.1,34.6,48.8,60.3,67.7,75.5,81.5,69.4,75.4,76.4,76.0,79.2,,
E07000061,Eastbourne,15.5,30.1,30.1,29.9,31.8,31.8,31.8,34.8,34.8,34.8,34.8,32.9,31.0,31.5,31.5,36.4,49.2,59.1,65.9,66.5,63.6,61.6,62.6,67.5,74.3,80.6,83.4,,
E07000062,Hastings,7.5,8.6,8.6,8.6,11.9,15.1,14.0,15.1,16.2,27.0,27.0,27.0,27.0,36.3,37.4,38.5,38.5,37.4,36.3,36.4,44.1,35.3,35.3,37.5,36.4,32.9,41.7,,
E07000063,Lewes,14.6,15.6,19.5,20.3,22.3,21.3,22.3,23.2,23.2,24.1,24.1,35.7,43.5,41.9,41.9,40.9,50.9,81.8,101.8,129.1,135.1,155.0,119.2,122.2,121.2,118.2,120.2,,
E07000064,Rother,9.4,9.4,9.4,9.4,10.4,10.4,10.4,12.4,13.4,21.7,21.7,21.7,23.8,26.8,26.8,26.8,20.3,21.4,23.5,30.8,38.2,34.0,36.1,40.4,40.4,40.6,47.9,,
E07000065,Wealden,7.5,8.1,9.4,9.3,10.5,11.1,13.6,14.1,16.6,17.8,20.9,19.7,20.3,19.3,19.9,19.9,21.2,44.2,65.9,69.3,85.3,101.8,81.0,92.6,93.2,91.1,89.9,,
E10000014,Hampshire,21.1,23.8,26.5,27.0,27.5,30.0,31.6,34.6,37.6,39.4,41.2,42.9,45.4,45.9,47.2,49.4,50.9,56.3,62.0,63.7,71.4,82.8,84.3,89.4,90.1,88.4,89.1,,
E07000084,Basingstoke and Deane,25.6,29.0,32.4,32.8,32.3,34.5,36.2,36.6,46.7,46.7,47.8,46.7,51.2,48.5,51.2,50.6,53.3,57.6,63.0,63.4,63.9,78.8,72.4,83.1,88.4,92.7,97.9,,
E07000085,East Hampshire,19.9,20.7,22.4,22.9,22.1,26.2,25.3,25.0,29.9,29.9,30.7,30.7,32.3,31.7,32.5,34.9,34.9,37.2,40.4,38.5,37.7,38.5,41.6,44.8,47.9,44.6,50.8,,
E07000086,Eastleigh,14.4,15.9,19.0,19.5,20.2,21.7,21.7,42.1,42.8,42.8,45.0,48.0,50.2,52.6,54.8,57.7,60.6,59.9,67.2,66.2,74.1,82.1,84.9,88.5,91.4,88.2,88.9,,
E07000087,Fareham,6.9,6.9,6.9,6.9,6.9,6.9,8.6,9.5,10.3,10.3,10.3,17.2,17.2,17.4,18.3,17.4,17.4,19.1,22.6,27.1,28.8,47.1,50.6,52.4,50.6,46.8,49.4,,
E07000088,Gosport,7.0,9.4,9.4,9.4,10.6,13.0,13.0,13.0,13.0,20.1,20.1,20.1,20.1,20.7,21.9,24.3,26.8,32.9,35.3,40.1,45.0,54.7,51.0,76.6,76.6,67.5,68.7,,
E07000089,Hart,34.3,39.5,47.8,47.4,47.4,47.4,47.4,47.1,48.2,48.2,48.2,51.2,51.2,51.8,51.8,51.8,52.8,68.8,102.7,114.0,136.8,149.6,128.8,137.7,133.8,139.6,104.7,,
E07000090,Havant,15.1,17.5,19.9,19.8,19.8,19.8,19.8,19.8,21.4,21.4,20.6,20.6,21.4,24.9,24.9,28.1,28.9,31.3,34.5,37.6,43.3,44.9,40.8,40.8,38.4,37.8,42.5,,
E07000091,New Forest,29.5,31.2,32.3,33.3,35.0,41.1,44.4,42.3,44.5,47.3,51.8,52.3,57.3,57.3,59.0,64.1,65.8,66.9,66.9,64.2,72.2,81.3,93.2,104.0,100.6,101.6,106.7,,
E07000092,Rushmoor,17.9,23.1,25.2,25.4,28.5,29.6,30.7,32.8,37.1,38.1,37.1,39.2,40.3,47.0,39.0,40.0,40.0,41.0,44.0,47.5,80.2,122.7,123.7,120.7,120.7,125.8,127.7,,
E07000093,Test Valley,16.0,24.0,31.2,31.7,31.7,34.1,35.7,32.2,33.0,40.9,40.9,40.9,40.9,39.6,39.6,40.4,44.2,61.7,64.0,65.5,67.0,82.8,76.8,73.0,76.0,68.0,75.4,,
E07000094,Winchester,37.0,37.0,38.6,40.0,40.8,46.5,53.7,69.1,72.3,73.9,85.0,90.5,99.3,96.9,106.3,113.4,113.4,124.3,129.0,129.7,139.7,137.4,165.8,165.0,168.1,155.6,152.6,,
E10000016,Kent,15.7,17.3,18.4,18.7,19.3,22.3,23.9,25.5,26.7,28.6,30.3,32.2,39.3,43.5,49.0,53.0,52.1,55.1,58.3,59.9,66.0,70.9,78.8,86.7,88.1,87.6,91.5,,
E07000105,Ashford,23.2,22.4,25.5,25.4,25.4,25.4,26.9,26.7,24.4,27.5,25.2,26.0,25.2,33.8,38.3,47.3,38.3,52.6,54.1,61.2,72.3,79.6,75.2,89.2,90.0,107.1,110.7,,
E07000106,Canterbury,17.0,18.8,21.3,21.2,22.4,32.6,33.3,39.0,39.0,39.0,38.4,28.8,29.4,31.3,35.8,40.2,40.9,47.9,51.1,58.4,59.7,58.4,62.8,76.2,76.2,75.9,79.6,,
E07000107,Dartford,15.5,17.3,17.3,17.8,18.6,30.2,35.5,35.1,30.7,35.9,49.1,67.5,73.7,73.6,71.9,73.6,78.8,79.6,80.5,79.1,94.3,100.2,114.5,135.5,141.4,144.0,144.8,,
E07000108,Dover,7.7,7.7,8.5,9.3,9.3,9.3,9.3,11.8,26.2,30.4,39.7,39.7,70.0,70.3,78.9,84.1,83.2,84.1,87.5,86.0,91.9,89.4,106.4,112.4,106.4,103.5,109.4,,
E07000112,Folkestone and Hythe,22.2,23.1,24.9,24.8,24.8,23.9,27.4,27.4,27.4,27.4,31.8,43.2,78.5,106.3,117.2,119.9,119.9,124.5,133.6,132.4,137.0,144.2,164.2,180.5,171.5,168.1,170.8,,
E07000109,Gravesham,3.8,3.8,3.8,3.7,3.7,9.4,9.4,9.4,9.4,14.0,14.0,13.1,14.0,23.4,47.7,57.1,57.1,57.1,58.0,58.0,65.4,61.7,61.7,61.7,63.6,55.1,56.9,,
E07000110,Maidstone,21.8,27.7,27.7,27.4,30.3,32.6,33.8,35.2,37.0,37.0,37.5,37.0,38.7,38.5,39.0,43.0,37.3,40.2,41.3,41.6,39.9,49.3,59.3,54.9,56.0,53.8,55.4,,
E07000111,Sevenoaks,16.6,16.6,15.0,14.9,14.9,14.9,14.9,16.5,23.9,25.5,23.1,21.4,26.4,27.3,28.1,28.1,36.4,35.6,44.7,49.5,66.1,68.5,66.9,79.3,80.9,74.1,74.1,,
E07000113,Swale,16.2,20.2,21.5,21.3,22.0,23.3,26.0,27.1,24.5,26.5,27.8,30.5,32.4,36.8,42.7,44.7,42.0,46.0,49.3,45.9,53.0,61.4,74.4,80.2,78.3,70.7,72.6,,
E07000114,Thanet,14.1,13.4,14.1,14.1,14.8,16.2,17.6,17.7,18.4,19.8,19.1,19.8,23.3,24.2,24.2,24.9,29.9,31.3,32.7,37.7,39.8,42.6,42.6,44.1,44.8,48.4,55.4,,
E07000115,Tonbridge and Malling,9.2,9.2,9.2,10.6,10.6,12.9,15.1,14.3,15.1,18.1,18.1,23.4,28.7,32.5,43.8,51.4,52.1,52.1,55.9,55.4,63.6,68.8,73.3,85.3,109.2,108.9,119.1,,
E07000116,Tunbridge Wells,17.8,21.2,26.3,27.8,28.6,28.6,30.3,37.0,37.8,37.0,37.8,39.5,43.7,42.4,44.1,45.8,35.4,33.7,36.3,37.9,37.1,53.4,74.1,75.0,71.5,71.8,79.4,,
E10000025,Oxfordshire,28.5,30.8,32.1,32.8,34.7,37.0,42.5,43.5,44.5,46.2,47.5,66.3,71.3,73.8,82.2,84.4,86.7,89.7,102.4,104.7,112.0,115.0,116.9,118.9,128.1,123.9,125.0,,
E07000177,Cherwell,20.1,25.5,26.8,27.9,34.6,42.5,57.1,62.6,63.9,67.2,71.8,88.9,90.9,85.3,107.5,110.6,120.5,116.8,147.1,154.1,159.6,160.8,149.2,140.1,160.2,151.4,157.3,,
E07000178,Oxford,57.7,59.6,60.3,61.0,59.0,61.7,65.6,65.3,69.3,71.2,68.6,79.2,93.0,85.6,92.5,93.1,95.6,102.5,108.1,110.9,104.1,110.9,113.3,122.5,121.3,119.9,126.5,,
E07000179,South Oxfordshire,27.0,28.5,29.9,30.3,31.7,32.4,33.1,32.0,31.3,29.2,29.2,45.9,50.1,49.3,56.0,59.3,56.7,56.7,57.3,57.3,66.5,63.9,67.8,74.4,77.1,74.8,79.9,,
E07000180,Vale of White Horse,17.9,18.7,20.2,22.1,25.0,24.3,30.9,31.2,31.2,34.1,39.9,63.1,64.5,74.6,76.0,77.4,77.4,84.6,101.8,99.2,116.8,124.5,147.8,148.5,138.6,137.3,129.9,,
E07000181,West Oxfordshire,13.7,15.5,17.3,17.2,17.2,17.2,17.2,17.9,17.9,20.6,18.8,48.3,51.0,72.1,73.8,76.4,77.3,83.4,91.2,94.9,109.5,111.2,102.6,106.0,146.2,138.1,129.8,,
E10000030,Surrey,17.6,18.5,20.9,21.5,22.9,24.9,25.7,27.1,28.3,29.1,32.6,36.1,37.3,39.4,44.0,56.0,58.1,59.4,71.2,73.6,82.9,91.9,87.0,106.4,110.4,112.9,119.2,,
E07000207,Elmbridge,18.3,20.5,22.0,23.4,27.8,27.0,27.8,26.2,27.7,26.2,30.6,39.4,45.9,44.5,51.7,53.1,59.6,70.3,71.8,71.4,78.6,81.4,78.6,94.3,108.6,110.6,100.1,,
E07000208,Epsom and Ewell,17.5,17.5,17.5,17.4,18.6,18.6,19.8,19.8,21.0,21.0,22.2,22.2,22.2,21.0,24.7,24.7,24.7,23.5,29.6,30.8,33.3,67.7,35.7,78.8,89.9,91.2,92.5,,
E07000209,Guildford,20.3,18.3,22.3,22.1,24.2,29.5,34.9,38.6,38.6,39.9,44.6,61.2,54.5,57.7,70.9,84.8,79.2,79.2,82.7,85.1,86.5,94.7,93.4,105.7,100.2,109.0,129.5,,
E07000210,Mole Valley,12.6,13.8,19.5,19.5,19.5,24.1,24.1,24.0,24.0,25.1,27.4,27.4,27.4,40.0,55.9,119.9,121.0,119.9,142.7,155.0,147.0,153.8,144.7,193.7,200.5,189.4,190.5,,
E07000211,Reigate and Banstead,10.8,12.2,12.2,12.1,12.8,18.2,18.2,19.4,19.4,19.4,19.4,19.4,21.4,21.1,23.1,30.4,27.7,25.8,28.4,28.6,33.8,43.0,43.0,46.2,59.2,62.8,61.6,,
E07000212,Runnymede,25.0,26.1,28.4,30.2,29.1,30.2,28.0,33.2,39.9,41.0,46.5,42.1,45.4,58.1,66.1,79.8,82.1,83.2,108.3,100.5,102.8,109.6,144.6,206.7,180.7,157.4,181.3,,
E07000213,Spelthorne,36.2,36.2,46.3,47.1,47.1,48.1,47.1,46.1,46.1,47.1,53.1,53.1,53.1,50.5,51.5,53.4,56.3,54.4,56.3,57.0,59.9,59.9,70.5,85.9,92.7,88.7,96.2,,
E07000214,Surrey Heath,15.8,16.9,19.1,20.2,23.5,23.5,24.6,29.1,29.1,34.8,34.8,38.1,41.5,38.6,36.4,43.0,43.0,44.1,56.3,76.7,81.1,116.2,111.8,107.4,116.2,111.1,117.5,,
E07000215,Tandridge,12.6,12.6,12.6,12.5,14.8,14.8,14.8,14.7,16.9,20.3,22.6,22.6,22.6,27.2,29.5,31.8,32.9,44.2,45.4,45.1,47.3,45.1,45.1,54.1,60.9,67.3,72.9,,
E07000216,Waverley,14.3,18.3,19.1,19.0,19.0,22.2,23.0,25.3,26.9,26.1,33.2,39.5,43.5,47.3,39.6,57.4,66.0,66.7,70.6,72.3,76.9,82.3,76.9,81.5,88.4,71.5,86.4,,
E07000217,Woking,11.9,12.9,13.8,15.9,17.9,16.9,17.9,18.0,19.0,19.0,23.0,21.0,22.0,22.1,29.8,40.4,50.1,45.2,107.8,108.5,186.2,188.1,140.1,169.9,165.1,229.0,230.9,,
E10000032,West Sussex,14.8,15.6,17.0,17.4,20.4,21.1,22.5,22.7,24.3,26.6,27.8,29.5,35.0,35.1,39.0,45.8,51.4,59.2,68.1,82.5,93.5,103.9,112.6,133.8,149.3,149.6,162.6,,
E07000223,Adur,3.1,4.7,6.3,7.8,14.0,15.6,15.6,15.6,15.6,18.7,18.7,18.7,20.3,20.1,21.7,52.6,61.9,80.5,80.5,85.0,83.5,83.5,95.8,98.9,111.3,115.6,129.5,,
E07000224,Arun,10.0,10.0,10.0,10.0,12.4,12.4,14.9,14.9,16.8,16.8,18.0,18.0,17.4,14.5,16.3,21.8,21.2,20.0,24.8,59.5,75.1,85.4,89.6,99.2,138.9,138.8,142.3,,
E07000225,Chichester,29.0,34.0,34.8,37.2,38.0,38.0,38.8,37.9,45.3,49.4,50.2,51.8,56.0,53.8,52.2,54.6,53.8,55.4,57.8,65.8,73.7,78.5,86.4,99.1,105.5,110.1,140.4,,
E07000226,Crawley,24.0,21.3,26.7,26.7,26.7,31.1,35.6,36.5,36.5,46.2,44.5,50.7,50.7,47.2,47.2,45.5,62.4,86.9,105.4,109.6,115.5,123.8,143.9,184.9,193.3,183.1,200.0,,
E07000227,Horsham,11.3,12.7,14.8,14.6,17.4,16.7,17.4,18.6,19.9,19.9,19.9,25.4,35.1,37.3,37.3,35.3,48.1,43.4,50.9,58.5,73.3,102.9,107.6,132.5,145.9,156.4,169.6,,
E07000228,Mid Sussex,14.0,14.7,14.7,14.6,21.9,22.5,23.2,23.0,23.7,23.7,23.7,23.7,43.4,47.1,67.3,70.6,71.3,90.9,102.0,108.4,113.0,122.6,118.8,142.0,152.3,141.6,144.7,,
E07000229,Worthing,9.1,9.1,10.0,9.9,11.8,11.8,11.8,12.6,11.7,13.5,21.7,19.9,19.0,21.5,22.4,47.5,52.8,57.3,73.4,100.9,125.0,125.8,150.8,180.3,189.2,195.8,212.5,,
E12000009,South West,20.5,22.9,24.9,25.2,26.8,27.6,29.2,30.3,33.1,35.1,36.9,39.5,42.2,44.1,47.7,51.1,53.8,63.0,74.9,80.0,86.9,91.7,96.7,101.1,106.4,104.9,113.1,,
E06000022,Bath and North East Somerset,25.5,26.0,29.2,30.0,31.6,32.1,32.1,31.6,34.6,40.7,41.3,45.3,47.4,49.4,49.9,56.6,56.1,57.7,58.2,56.7,51.6,52.7,52.7,60.3,61.9,58.5,61.0,,
E06000058,"Bournemouth, Christchurch and Poole",14.7,15.9,17.7,17.7,18.2,18.7,18.5,19.4,20.7,21.4,22.2,24.9,27.2,28.7,31.0,33.2,40.0,45.0,46.0,51.5,56.2,54.7,66.2,66.2,61.7,62.8,74.3,,
E06000023,"Bristol, City of",25.7,25.2,24.0,23.7,23.7,22.2,22.9,25.1,26.4,28.5,26.8,26.4,28.5,31.4,31.6,31.6,29.5,29.1,31.0,29.9,35.1,40.3,47.4,39.5,39.0,39.2,63.7,,
E06000052,Cornwall,27.0,30.2,35.7,36.0,38.4,39.9,42.5,43.3,48.1,49.7,52.0,53.7,59.3,57.9,63.8,71.3,80.1,99.3,109.6,111.6,130.0,130.7,139.7,141.6,153.5,154.6,162.7,,
E06000059,Dorset,16.7,18.3,21.2,21.4,23.0,23.8,27.5,29.5,32.4,34.2,35.0,35.8,37.1,37.8,40.9,43.3,50.4,51.4,64.0,66.8,69.7,81.7,92.1,98.9,116.6,120.8,126.9,,
E06000053,Isles of Scilly,0.0,0.0,0.0,0.0,0.0,0.0,0.0,0.0,0.0,0.0,0.0,0.0,0.0,0.0,0.0,0.0,0.0,0.0,0.0,0.0,0.0,43.8,350.7,350.7,350.7,338.1,338.1,,
E06000024,North Somerset,40.2,45.3,37.9,39.1,40.9,40.5,40.9,41.3,41.7,42.2,42.7,39.9,40.4,44.6,45.1,46.9,51.5,55.2,56.6,55.2,56.6,66.2,64.8,69.8,74.4,71.2,65.5,,
E06000026,Plymouth,15.6,19.8,24.3,25.6,26.7,27.1,28.2,28.2,28.2,28.2,34.6,42.6,47.9,46.5,60.1,59.3,58.9,66.9,71.0,77.9,98.9,109.0,118.4,131.5,136.8,137.1,137.5,,
E06000066,Somerset (from April 2023),[x],[x],[x],[x],[x],[x],[x],[x],[x],[x],[x],[x],[x],[x],[x],53.2,54.4,64.2,78.0,78.2,83.4,81.7,84.6,86.3,92.4,91.8,94.0,,
E06000025,South Gloucestershire,20.2,22.3,20.9,20.3,22.4,26.3,30.2,34.0,41.3,44.8,54.5,57.0,58.4,58.1,63.3,71.2,74.0,75.3,100.1,100.1,101.1,100.1,110.6,100.1,99.1,102.5,101.2,,
E06000030,Swindon,10.4,11.7,18.5,18.9,19.4,18.9,20.7,20.2,21.1,27.8,33.7,34.5,39.5,47.1,48.8,54.3,57.3,63.3,70.2,75.5,87.8,84.9,84.0,99.7,84.9,79.5,82.0,,
E06000027,Torbay,6.6,14.0,14.7,16.9,18.3,17.6,17.6,18.4,19.1,17.6,16.9,19.1,19.8,20.8,20.8,21.5,23.7,24.4,25.8,30.1,30.1,43.0,50.2,52.3,60.9,69.9,72.8,,
E06000054,Wiltshire,19.3,20.3,22.1,22.0,24.0,28.0,29.4,27.8,33.1,34.9,35.5,35.7,36.5,39.1,40.9,40.9,49.7,59.6,72.5,75.0,85.3,85.3,87.4,94.4,95.2,79.4,104.3,,
E10000008,Devon,21.9,23.8,27.8,27.7,30.3,30.9,33.0,34.4,37.1,38.7,41.6,46.9,52.1,54.3,59.7,66.2,64.8,89.6,102.8,104.6,103.7,114.2,123.8,123.6,124.2,127.0,134.3,,
E07000040,East Devon,21.5,24.3,30.5,30.8,32.1,33.5,39.6,39.8,43.2,42.5,52.0,52.0,54.0,51.3,53.9,70.3,73.0,104.5,117.0,123.6,109.4,118.4,127.5,138.5,130.7,150.4,164.3,,
E07000041,Exeter,21.5,26.1,26.8,26.6,29.7,30.4,29.7,33.0,36.8,41.3,40.5,63.0,78.0,80.4,95.9,92.0,76.6,150.0,154.7,154.9,164.5,191.2,192.7,191.9,188.2,181.4,186.4,,
E07000042,Mid Devon,18.4,19.6,19.6,19.4,26.7,27.9,31.6,32.4,32.4,36.0,37.2,39.6,44.4,44.5,48.1,51.7,56.5,56.5,56.5,54.9,63.3,72.8,71.6,72.8,69.2,68.2,68.2,,
E07000043,North Devon,33.3,36.4,41.6,40.1,43.2,42.2,45.3,49.9,52.0,54.0,55.0,58.1,64.2,67.4,70.4,79.4,73.4,100.6,116.7,116.4,103.5,137.3,168.2,149.2,138.3,141.3,158.1,,
E07000044,South Hams,26.7,30.2,32.5,32.2,32.2,33.3,33.3,33.0,37.5,38.7,38.7,39.8,44.3,59.4,68.4,68.4,66.1,80.7,96.4,102.4,108.0,103.5,105.8,106.9,113.6,108.5,112.9,,
E07000045,Teignbridge,9.0,6.0,12.8,13.4,15.7,17.1,17.9,18.5,18.5,20.0,23.7,26.7,29.6,31.8,34.8,48.1,54.7,62.9,82.1,77.2,81.6,78.0,94.2,86.1,103.7,103.2,106.8,,
E07000046,Torridge,29.4,29.4,32.3,32.2,33.7,32.2,35.2,34.9,34.9,34.9,39.3,42.2,43.7,46.7,46.7,48.2,46.7,61.3,70.1,72.8,72.8,80.1,84.5,81.6,78.7,83.0,85.9,,
E07000047,West Devon,23.4,27.0,34.2,34.1,37.6,37.6,37.6,39.2,49.9,49.9,49.9,51.7,51.7,48.7,52.2,55.7,57.4,53.9,88.7,92.8,87.6,85.9,96.2,116.9,130.6,134.1,140.9,,
E10000013,Gloucestershire,21.5,24.8,26.7,26.7,28.4,28.9,29.0,30.9,32.8,34.3,35.3,36.8,38.1,39.0,41.4,43.0,42.2,47.2,78.4,108.4,120.6,131.5,122.2,144.2,166.2,159.3,165.1,,
E07000078,Cheltenham,22.2,22.2,24.8,24.9,26.7,27.5,31.0,28.4,29.3,30.2,29.3,27.6,26.7,25.2,25.2,33.7,32.0,32.0,58.9,67.8,152.4,164.1,170.8,193.4,202.6,207.8,213.6,,
E07000079,Cotswold,37.1,42.7,42.7,42.3,45.6,46.7,43.4,55.4,65.4,73.1,80.9,84.2,93.1,94.4,98.8,109.7,110.8,107.5,114.1,153.3,162.1,151.1,164.3,210.3,251.9,271.7,271.7,,
E07000080,Forest of Dean,10.4,13.9,13.9,13.8,15.0,18.4,18.4,18.4,17.2,17.2,17.2,16.1,17.2,17.2,19.5,19.5,20.7,36.7,40.2,108.0,91.0,88.7,92.1,117.1,172.9,162.7,166.0,,
E07000081,Gloucester,18.6,22.4,24.0,24.8,26.3,27.1,27.1,27.8,29.3,29.3,29.3,30.8,30.8,35.5,44.5,37.7,34.0,40.0,40.7,59.9,80.9,77.1,71.1,83.9,93.6,96.7,106.8,,
E07000082,Stroud,29.4,32.8,32.8,32.5,35.0,32.5,30.8,34.7,35.6,35.6,29.8,35.6,36.4,38.7,36.2,41.1,41.1,41.1,169.5,205.3,176.1,241.1,170.4,181.8,194.0,153.6,159.9,,
E07000083,Tewkesbury,9.7,14.0,21.6,21.0,21.0,21.0,23.2,21.7,21.7,23.8,31.0,32.1,31.0,28.3,29.3,22.0,22.0,35.6,39.8,59.8,53.6,47.4,58.8,81.4,99.0,89.3,96.1,,
E10000027,Somerset (abolished April 2023),15.4,19.1,20.2,20.6,21.7,22.8,24.9,27.1,29.6,32.3,33.0,38.5,40.3,45.7,49.9,[x],[x],[x],[x],[x],[x],[x],[x],[x],[x],[x],[x],,
E07000187,Mendip (abolished April 2023),18.3,25.2,27.0,26.8,26.0,26.8,28.5,31.0,32.7,39.6,41.3,44.7,47.3,69.7,74.0,[x],[x],[x],[x],[x],[x],[x],[x],[x],[x],[x],[x],,
E07000188,Sedgemoor (abolished April 2023),14.7,17.1,17.9,17.9,21.9,21.9,22.7,23.5,26.7,26.7,25.1,33.2,34.0,40.6,44.5,[x],[x],[x],[x],[x],[x],[x],[x],[x],[x],[x],[x],,
E07000246,Somerset West and Taunton (abolished April 2023),17.5,18.8,20.8,20.6,21.3,22.6,24.5,25.7,30.2,32.8,34.7,40.5,40.5,38.0,42.4,[x],[x],[x],[x],[x],[x],[x],[x],[x],[x],[x],[x],,
E07000189,South Somerset (abolished April 2023),11.9,16.7,16.7,18.4,19.0,20.8,24.4,28.5,29.0,30.8,31.4,36.2,39.7,40.4,44.5,[x],[x],[x],[x],[x],[x],[x],[x],[x],[x],[x],[x],,
W92000004,Wales,16.9,18.1,19.8,20.6,21.4,25.5,27.0,28.9,31.4,33.3,34.9,37.6,39.4,47.2,52.8,60.7,66.4,72.3,81.9,88.5,96.9,99.9,104.0,112.4,121.8,120.8,123.8,,
W06000001,Isle of Anglesey,50.0,50.0,57.2,61.4,65.7,67.1,74.2,76.7,78.1,82.3,86.6,78.1,79.5,94.3,98.6,105.9,103.0,116.0,124.7,131.8,134.7,124.5,127.4,136.1,156.4,167.9,185.2,,
W06000002,Gwynedd,45.1,46.7,47.5,48.2,49.0,49.8,52.2,58.3,64.7,71.9,74.3,79.1,91.9,95.7,105.9,125.6,123.9,123.0,131.5,139.5,163.3,193.0,222.8,241.5,298.5,288.0,288.0,,
W06000003,Conwy,17.9,17.9,23.0,25.6,27.3,27.3,29.0,28.8,38.1,38.9,38.9,41.5,45.7,47.0,47.0,52.3,60.1,65.3,86.2,106.7,112.9,112.9,111.1,118.1,111.1,111.4,117.5,,
W06000004,Denbighshire,10.5,11.5,12.6,14.6,14.6,16.7,16.7,19.7,19.7,19.7,19.7,30.0,31.0,48.9,55.2,68.7,81.2,90.6,96.8,97.4,126.3,102.5,97.4,100.5,118.1,113.0,113.0,,
W06000005,Flintshire,8.4,9.6,9.6,9.6,11.5,11.5,14.1,19.1,21.7,21.7,23.0,24.2,19.1,28.4,29.7,32.9,36.8,37.4,46.4,58.6,79.8,61.2,66.3,52.2,76.6,78.3,84.7,,
W06000006,Wrexham,9.5,9.5,16.2,16.2,18.4,18.4,21.3,22.0,25.7,25.0,26.5,28.7,27.9,31.1,33.3,34.8,34.8,34.8,34.0,33.2,60.6,95.3,87.2,87.2,87.9,91.1,99.1,,
W06000023,Powys,45.3,45.3,49.8,52.1,60.4,62.7,63.4,63.1,66.9,67.7,70.7,69.2,84.9,90.6,93.6,84.6,83.1,85.4,90.6,106.8,111.3,112.8,131.5,143.4,153.1,166.6,173.3,,
W06000008,Ceredigion,38.4,41.1,41.1,41.3,41.3,39.9,45.4,46.6,57.6,61.7,65.8,65.8,67.2,69.3,73.6,158.5,175.5,175.5,175.5,182.9,189.9,195.5,195.5,198.3,250.0,246.6,212.1,,
W06000009,Pembrokeshire,54.4,58.4,62.4,62.8,63.6,75.5,76.3,82.1,85.2,85.2,85.2,90.7,99.4,127.8,133.4,139.1,148.8,161.7,175.5,184.1,188.2,199.4,201.0,204.2,221.9,217.9,218.7,,
W06000010,Carmarthenshire,14.9,17.1,19.7,19.6,19.1,31.8,31.8,34.7,38.9,44.7,45.8,60.5,48.4,50.5,58.5,67.0,69.1,77.0,91.4,95.2,102.6,105.2,113.7,116.3,134.8,131.0,135.7,,
W06000011,Swansea,9.7,10.1,13.0,15.0,15.8,20.6,20.6,21.5,23.1,25.6,30.0,38.9,38.1,49.6,50.9,56.3,57.2,61.8,84.1,89.1,86.2,83.3,94.5,131.0,102.4,97.5,98.3,,
W06000012,Neath Port Talbot,5.6,6.3,4.9,4.9,5.6,7.0,7.7,8.3,8.3,8.3,8.3,9.7,11.1,12.7,16.2,15.5,15.5,16.9,16.9,24.6,26.7,36.6,30.2,35.2,35.9,44.0,31.4,,
W06000013,Bridgend,13.1,14.5,14.5,14.3,14.3,15.0,15.0,15.6,18.3,21.7,21.7,21.7,21.7,27.4,41.8,48.0,50.8,65.9,74.1,83.5,109.5,93.1,94.4,110.2,113.6,105.7,103.7,,
W06000014,The Vale of Glamorgan,5.3,5.3,8.3,10.5,10.5,10.5,13.5,13.3,19.2,19.2,23.7,26.6,26.6,28.7,41.5,53.6,66.4,73.9,118.5,123.6,119.9,162.6,133.3,135.6,134.1,98.7,106.1,,
W06000015,Cardiff,12.4,13.7,14.0,13.9,14.2,15.0,15.5,21.1,20.3,21.4,22.8,23.3,24.1,27.8,32.5,32.5,37.6,44.8,43.9,51.1,59.9,57.2,59.9,61.8,67.5,80.5,76.6,,
W06000016,Rhondda Cynon Taf,3.3,4.6,6.7,6.6,5.4,5.4,5.4,5.8,7.4,8.3,10.7,10.7,13.2,14.7,21.5,33.7,48.0,61.5,72.4,79.1,81.6,85.3,94.1,100.8,100.0,96.8,95.9,,
W06000024,Merthyr Tydfil,8.3,11.6,13.3,13.3,13.3,13.3,13.3,13.2,11.6,13.2,13.2,13.2,16.5,32.3,35.7,32.3,59.5,54.4,59.5,69.6,79.8,67.9,76.4,86.6,98.5,95.0,103.4,,
W06000018,Caerphilly,3.9,6.1,6.6,7.7,8.8,16.0,21.0,21.5,21.5,21.5,19.8,20.9,25.9,29.0,31.2,34.1,41.5,40.3,46.6,45.4,50.0,41.4,46.0,53.9,62.5,65.6,67.3,,
W06000019,Blaenau Gwent,7.2,11.5,11.5,11.5,11.5,22.9,22.9,25.7,25.7,25.7,25.7,28.6,45.7,101.5,103.0,106.0,126.9,132.8,138.8,132.8,132.8,116.4,132.8,158.2,137.3,145.9,150.3,,
W06000020,Torfaen,7.5,8.6,8.6,8.5,8.5,28.7,28.7,28.5,29.5,30.6,30.6,31.6,31.6,31.4,38.9,53.0,56.2,70.3,74.6,72.2,73.2,96.9,102.3,113.1,113.1,83.9,99.9,,
W06000021,Monmouthshire,37.2,37.2,37.2,39.1,40.2,46.5,52.9,51.5,55.7,55.7,54.6,57.8,58.8,59.0,71.9,105.2,103.0,112.7,126.6,124.6,135.3,142.7,152.3,166.2,182.1,179.1,194.9,,
W06000022,Newport,17.6,18.9,18.3,18.1,18.1,31.0,31.7,31.3,33.2,42.8,47.3,46.0,46.0,67.0,75.8,79.5,84.6,86.4,88.9,105.3,108.4,115.2,122.0,130.0,180.2,184.0,210.8,,
S92000003,Scotland,32.1,35.3,37.5,35.0,37.3,40.1,43.0,46.9,49.0,51.5,54.0,54.7,59.9,68.6,71.5,72.7,77.4,83.8,92.6,103.0,110.2,112.7,123.0,130.8,135.0,133.4,149.1,,
S12000033,Aberdeen City,32.1,36.5,42.2,39.8,39.8,42.4,45.5,45.0,43.2,45.0,43.7,45.0,50.2,57.2,63.8,69.5,71.2,73.9,77.8,90.1,102.1,102.6,112.0,120.4,124.9,101.8,109.6,,
S12000034,Aberdeenshire,24.9,27.9,30.6,29.1,31.0,37.5,39.0,41.4,40.6,44.9,46.8,46.4,46.8,53.3,57.1,57.9,60.9,61.7,71.9,76.6,77.7,80.0,86.4,83.8,88.0,93.6,92.4,,
S12000041,Angus,46.5,50.8,56.9,51.6,51.6,52.5,61.1,65.6,64.8,66.5,67.3,67.3,59.6,65.4,68.0,66.3,71.5,74.1,81.8,82.9,89.8,92.4,90.7,94.2,97.7,108.9,127.2,,
S12000035,Argyll & Bute,51.0,56.8,74.2,75.7,80.4,81.5,90.8,96.0,100.7,100.7,106.5,106.5,117.1,128.7,128.7,124.1,126.4,138.0,157.7,162.6,162.6,164.9,180.8,200.2,213.8,234.9,301.1,,
S12000036,City of Edinburgh,20.8,23.1,23.9,21.5,22.3,22.3,23.8,24.3,27.7,33.7,34.3,34.1,48.7,55.7,57.9,59.3,62.7,75.4,95.9,101.6,101.9,117.3,123.7,138.6,136.3,129.6,164.1,,
S12000005,Clackmannanshire,33.1,37.0,42.8,36.9,36.9,38.8,38.8,44.8,44.8,42.9,42.9,46.8,56.5,69.8,71.8,73.7,77.6,87.3,87.3,96.6,88.9,88.9,96.6,102.4,102.4,99.8,117.1,,
S12000006,Dumfries & Galloway,30.9,47.0,51.1,51.1,54.4,57.8,60.5,68.1,68.8,68.8,76.2,76.2,85.0,117.6,116.9,130.4,155.9,163.3,198.9,210.6,245.6,255.2,261.4,273.0,291.6,325.0,362.0,,
S12000042,Dundee City,60.5,74.6,78.0,67.6,69.0,73.0,79.7,82.7,85.3,87.4,87.4,87.4,92.7,109.0,121.9,121.2,125.2,119.8,125.9,154.4,163.8,186.0,198.9,221.1,217.7,263.5,282.2,,
S12000008,East Ayrshire,17.2,32.8,36.9,35.2,36.1,45.1,50.0,53.5,55.1,60.9,60.9,60.0,59.2,66.4,71.3,78.7,82.0,86.1,94.2,111.3,113.8,108.8,117.9,119.6,132.1,131.7,134.2,,
S12000045,East Dunbartonshire,12.0,21.2,24.0,22.1,22.1,22.1,22.1,23.0,23.0,23.0,24.8,23.0,24.8,25.7,27.5,25.7,25.7,31.2,33.1,33.0,36.7,34.9,43.1,47.7,50.5,51.8,56.4,,
S12000010,East Lothian,47.3,53.9,61.4,62.6,96.2,100.8,101.8,112.1,114.0,118.6,139.9,145.5,160.3,156.1,157.9,170.7,176.1,219.0,232.7,235.7,245.4,319.3,420.6,407.3,388.6,344.7,375.9,,
S12000011,East Renfrewshire,22.1,25.2,25.2,22.0,24.1,24.1,26.2,26.0,25.0,25.0,28.1,28.1,27.1,28.0,29.0,26.9,24.8,32.1,41.4,41.2,46.3,45.3,46.3,51.5,51.5,53.1,55.1,,
S12000014,Falkirk,12.5,16.2,16.8,23.0,25.5,26.7,29.8,31.8,33.0,33.6,34.3,34.3,36.1,47.9,49.8,47.9,54.8,67.8,74.1,77.0,79.5,74.5,82.7,87.7,92.1,88.1,85.0,,
S12000047,Fife,20.7,25.3,26.9,24.9,24.9,24.9,28.1,29.9,30.5,31.3,32.1,32.6,39.3,43.8,44.3,44.3,46.4,47.2,52.0,60.9,65.2,59.0,66.2,67.6,73.3,73.1,77.4,,
S12000049,Glasgow City,19.0,26.3,27.0,27.5,29.9,29.7,31.1,31.3,31.9,37.8,43.7,43.6,46.6,53.5,56.8,53.8,59.2,63.0,69.1,102.3,110.5,109.3,122.0,134.1,132.0,118.6,127.2,,
S12000017,Highland,44.6,54.3,60.7,59.8,64.5,78.4,78.9,89.6,95.1,98.1,104.1,108.7,116.4,131.5,133.2,134.8,143.2,151.6,153.7,166.7,180.7,179.5,186.2,190.5,193.9,196.0,244.4,,
S12000018,Inverclyde,24.3,24.3,24.3,28.3,28.3,28.3,30.8,41.5,44.1,44.1,46.7,46.7,42.8,45.6,45.6,49.5,57.4,57.4,73.0,102.1,114.9,112.3,123.8,135.3,150.6,154.7,166.1,,
S12000019,Midlothian,35.0,41.6,39.4,36.8,41.1,45.4,55.2,64.4,64.4,64.4,67.6,67.6,70.9,73.9,75.0,76.0,77.1,86.6,97.2,98.9,102.0,107.2,118.5,128.8,142.2,131.2,129.2,,
S12000020,Moray,29.3,33.5,32.5,33.4,33.4,34.4,34.4,37.6,48.1,50.2,55.4,56.4,62.7,69.5,78.8,78.8,78.8,78.8,77.8,80.6,85.9,82.7,83.8,87.0,85.9,96.8,96.8,,
S12000013,Na h-Eileanan Siar,100.6,111.8,111.8,89.8,89.8,93.6,97.3,101.9,105.7,105.7,105.7,109.4,109.4,176.4,176.4,183.9,180.2,180.2,202.7,206.7,233.5,218.2,229.7,229.7,222.1,211.4,357.4,,
S12000021,North Ayrshire,22.2,28.1,29.6,28.9,28.9,31.2,35.6,37.2,37.2,39.5,40.2,40.2,43.2,47.7,49.9,53.6,57.4,67.1,73.8,84.7,95.1,95.1,98.9,110.9,120.6,116.4,138.0,,
S12000050,North Lanarkshire,16.2,22.6,22.6,21.7,24.6,29.9,36.3,44.3,48.4,49.2,49.8,50.7,52.2,53.0,54.8,55.1,60.0,69.4,78.8,79.8,81.0,76.0,81.8,85.6,87.7,87.1,92.9,,
S12000023,Orkney Islands,108.2,153.2,157.7,130.2,143.7,143.7,143.7,160.7,178.6,178.6,183.0,183.0,214.3,221.8,226.3,226.3,230.7,230.7,244.0,245.2,254.3,195.3,195.3,204.4,199.8,199.8,254.3,,
S12000048,Perth & Kinross,51.6,63.5,66.1,62.5,65.8,68.4,69.8,77.0,79.7,84.9,86.2,88.2,98.1,111.8,125.5,122.2,117.0,132.6,133.9,148.9,166.8,162.8,175.4,199.2,201.8,219.5,246.7,,
S12000038,Renfrewshire,23.6,27.6,32.1,31.3,35.2,36.3,38.0,39.6,39.6,39.6,39.6,37.3,41.8,63.9,66.1,68.4,67.8,73.4,77.8,84.6,89.5,91.1,109.0,122.1,131.3,141.1,153.8,,
S12000026,Scottish Borders,36.4,40.8,38.2,35.5,35.5,41.6,43.3,42.5,44.3,48.6,50.3,49.5,55.5,63.8,70.7,73.3,70.7,75.8,79.3,78.8,87.3,86.5,93.3,111.3,133.5,127.4,136.8,,
S12000027,Shetland Islands,73.9,43.5,60.9,74.2,74.2,74.2,82.9,87.5,91.8,91.8,91.8,91.8,91.8,130.8,130.8,135.1,152.6,161.3,161.3,169.4,165.1,139.0,156.4,160.7,165.1,155.2,276.0,,
S12000028,South Ayrshire,30.2,40.9,40.0,33.7,34.6,40.0,43.5,48.2,50.8,51.7,52.6,55.3,59.7,66.7,72.9,72.0,77.4,79.1,83.6,86.1,96.8,104.0,114.7,122.8,145.2,135.4,147.9,,
S12000029,South Lanarkshire,36.4,43.9,42.9,24.6,25.6,31.5,36.5,44.3,46.1,46.8,47.1,49.9,56.7,59.5,60.8,64.5,71.6,73.5,82.1,86.1,99.6,98.3,95.6,100.2,110.0,102.4,105.7,,
S12000030,Stirling,56.2,66.8,68.9,70.1,72.2,73.2,75.4,103.1,122.2,126.5,131.8,133.9,131.8,158.3,159.4,161.5,176.5,179.7,190.4,208.6,236.7,222.6,250.7,262.6,264.8,262.2,287.7,,
S12000039,West Dunbartonshire,21.3,28.0,29.2,27.0,27.0,27.0,27.0,27.2,29.4,29.4,36.2,36.2,40.8,49.0,52.4,52.4,71.8,75.2,86.6,92.9,81.6,82.7,114.4,114.4,134.8,125.7,131.3,,
S12000040,West Lothian,18.7,20.3,22.5,21.3,23.5,24.0,24.6,25.0,25.0,25.6,25.6,26.1,28.8,38.8,35.0,35.6,39.9,47.4,51.2,54.5,56.1,63.3,67.1,66.6,63.8,61.7,67.0,,
N92000002,Northern Ireland,15.7,15.7,16.2,16.5,16.8,16.9,17.3,17.4,17.5,18.2,18.4,17.3,18.0,19.2,20.4,22.7,22.6,24.4,28.6,32.3,33.4,35.6,35.2,35.8,38.6,37.7,37.7,,
N09000001,Antrim and Newtownabbey,23.2,23.2,23.2,23.7,23.7,25.1,25.1,25.7,25.7,27.1,27.1,22.3,28.5,25.4,26.7,29.5,26.1,26.7,28.1,33.5,34.2,36.3,39.7,39.7,43.8,42.5,42.5,,
N09000011,Ards and North Down,10.6,10.6,10.6,10.5,10.5,11.1,11.1,11.7,11.7,13.0,12.3,11.7,11.1,11.6,11.6,14.0,14.6,13.4,18.9,17.7,20.1,21.3,22.5,26.8,28.6,27.2,27.8,,
N09000002,"Armagh City, Banbridge and Craigavon",14.0,14.0,14.0,13.9,13.9,13.9,13.9,14.3,14.3,15.7,16.1,15.2,14.7,17.8,17.8,18.7,16.9,18.7,17.3,22.2,22.7,24.1,31.3,30.4,31.3,31.0,31.0,,
N09000003,Belfast,12.0,12.3,13.7,13.7,14.3,14.8,15.4,15.2,15.5,15.5,16.1,14.9,19.6,23.5,27.2,31.6,33.0,34.5,51.6,54.0,55.5,57.2,49.4,51.7,52.3,53.1,51.4,,
N09000004,Causeway Coast and Glens,17.3,15.9,18.7,19.3,22.1,20.0,20.0,19.3,21.4,22.8,23.5,22.1,21.4,22.6,24.7,24.0,24.0,28.9,38.8,40.3,42.5,47.4,43.9,43.2,43.2,36.6,36.6,,
N09000005,Derry City and Strabane,17.3,15.3,15.9,17.8,17.8,17.8,17.2,17.2,17.9,17.9,17.9,17.9,16.5,17.2,16.6,16.6,17.9,19.2,21.2,23.9,24.5,25.9,21.9,22.5,20.6,21.0,20.3,,
N09000006,Fermanagh and Omagh,32.5,32.5,32.5,32.4,32.4,32.4,32.4,32.4,32.4,33.2,32.4,29.8,26.4,29.9,29.9,36.8,33.4,46.2,39.3,52.1,51.3,56.4,53.8,51.3,53.0,50.1,50.1,,
N09000007,Lisburn and Castlereagh,7.6,7.6,7.6,7.5,7.5,7.5,11.0,10.9,11.6,10.9,10.9,11.6,8.9,10.0,13.4,15.4,15.4,18.8,22.1,26.0,25.3,26.0,28.7,32.7,41.4,42.2,42.9,,
N09000008,Mid and East Antrim,18.7,18.0,18.0,19.4,19.4,19.4,19.4,20.1,17.2,17.9,17.9,17.9,18.6,19.4,19.4,20.1,19.4,20.1,18.0,21.6,25.9,26.6,29.5,30.2,36.6,37.2,34.3,,
N09000009,Mid Ulster,14.9,14.9,14.9,14.8,14.8,14.8,15.5,16.1,16.1,16.1,16.1,15.4,16.1,16.6,17.3,19.3,20.6,19.9,15.3,21.9,23.8,26.5,27.8,27.2,33.8,30.8,32.1,,
N09000010,"Newry, Mourne and Down",16.7,17.2,17.2,17.1,17.1,17.1,17.1,17.1,17.1,18.7,19.3,18.7,18.7,16.5,16.5,19.2,20.3,18.6,23.6,25.7,25.2,28.5,28.5,26.3,31.8,31.1,35.0,,
,,,,,,,,,,,,,,,,,,,,,,,,,,,,,,
,,,,,,,,,,,,,,,,,,,,,,,,,,,,,,
,,,,,,,,,,,,,,,,,,,,,,,,,,,,,,
,,,,,,,,,,,,,,,,,,,,,,,,,,,,,,
,,,,,,,,,,,,,,,,,,,,,,,,,,,,,,
,,,,,,,,,,,,,,,,,,,,,,,,,,,,,,
,,,,,,,,,,,,,,,,,,,,,,,,,,,,,,
,,,,,,,,,,,,,,,,,,,,,,,,,,,,,,
,,,,,,,,,,,,,,,,,,,,,,,,,,,,,,
,,,,,,,,,,,,,,,,,,,,,,,,,,,,,,
,,,,,,,,,,,,,,,,,,,,,,,,,,,,,,
,,,,,,,,,,,,,,,,,,,,,,,,,,,,,,
,,,,,,,,,,,,,,,,,,,,,,,,,,,,,,
,,,,,,,,,,,,,,,,,,,,,,,,,,,,,,
,,,,,,,,,,,,,,,,,,,,,,,,,,,,,,
,,,,,,,,,,,,,,,,,,,,,,,,,,,,,,
,,,,,,,,,,,,,,,,,,,,,,,,,,,,,,
,,,,,,,,,,,,,,,,,,,,,,,,,,,,,,
,,,,,,,,,,,,,,,,,,,,,,,,,,,,,,
,,,,,,,,,,,,,,,,,,,,,,,,,,,,,,
,,,,,,,,,,,,,,,,,,,,,,,,,,,,,,
,,,,,,,,,,,,,,,,,,,,,,,,,,,,,,
,,,,,,,,,,,,,,,,,,,,,,,,,,,,,,
,,,,,,,,,,,,,,,,,,,,,,,,,,,,,,
,,,,,,,,,,,,,,,,,,,,,,,,,,,,,,
,,,,,,,,,,,,,,,,,,,,,,,,,,,,,,
,,,,,,,,,,,,,,,,,,,,,,,,,,,,,,
,,,,,,,,,,,,,,,,,,,,,,,,,,,,,,
,,,,,,,,,,,,,,,,,,,,,,,,,,,,,,
,,,,,,,,,,,,,,,,,,,,,,,,,,,,,,
,,,,,,,,,,,,,,,,,,,,,,,,,,,,,,
,,,,,,,,,,,,,,,,,,,,,,,,,,,,,,
,,,,,,,,,,,,,,,,,,,,,,,,,,,,,,
,,,,,,,,,,,,,,,,,,,,,,,,,,,,,,
,,,,,,,,,,,,,,,,,,,,,,,,,,,,,,
,,,,,,,,,,,,,,,,,,,,,,,,,,,,,,
,,,,,,,,,,,,,,,,,,,,,,,,,,,,,,
